date,start_time,stop_time,algae_id,species,sample_id,file_id_csv,light_dark,run_block,blank,chamber_channel,light_level,light_value
2026-07-07,14:09,14:25,AS01,as,AS01_IN,AS01_O2.csv,dark,run1,0,1,1,0
2026-07-07,14:09,14:25,HD02,hd,HD02_IN,HD02_O2.csv,dark,run1,0,2,1,0
2026-07-07,14:09,14:25,BLANK1_RUN1,blank,BLANK1_RUN1_PI,BLANK1_RUN1_O2.csv,dark,run1,1,3,1,0
2026-07-07,14:09,14:25,GS01,gs,GS01_IN,GS01_O2.csv,dark,run1,0,4,1,0
2026-07-07,14:09,14:25,SF02,sf,SF02_IN,SF02_O2.csv,dark,run1,0,5,1,0
2026-07-07,14:09,14:25,AV02,av,AV02_IN,AV02_O2.csv,dark,run1,0,6,1,0
2026-07-07,14:09,14:25,DA02,da,DA02_IN,DA02_O2.csv,dark,run1,0,7,1,0
2026-07-07,14:09,14:25,SF01,sf,SF01_IN,SF01_O2.csv,dark,run1,0,8,1,0
2026-07-07,14:09,14:25,HD01,hd,HD01_IN,HD01_O2.csv,dark,run1,0,9,1,0
2026-07-07,14:09,14:25,DA01,da,DA01_IN,DA01_O2.csv,dark,run1,0,10,1,0
2026-07-07,14:09,14:25,AS02,as,AS02_IN,AS02_O2.csv,dark,run1,0,11,1,0
2026-07-07,14:09,14:25,BLANK2_RUN1,blank,BLANK2_RUN1_PI,BLANK2_RUN1_O2.csv,dark,run1,1,12,1,0
2026-07-07,14:28,14:43,AS01,as,AS01_IN,AS01_O2.csv,light,run1,0,1,2,94
2026-07-07,14:28,14:43,HD02,hd,HD02_IN,HD02_O2.csv,light,run1,0,2,2,94
2026-07-07,14:28,14:43,BLANK1_RUN1,blank,BLANK1_RUN1_PI,BLANK1_RUN1_O2.csv,light,run1,1,3,2,94
2026-07-07,14:28,14:43,GS01,gs,GS01_IN,GS01_O2.csv,light,run1,0,4,2,94
2026-07-07,14:28,14:43,SF02,sf,SF02_IN,SF02_O2.csv,light,run1,0,5,2,94
2026-07-07,14:28,14:43,AV02,av,AV02_IN,AV02_O2.csv,light,run1,0,6,2,94
2026-07-07,14:28,14:43,DA02,da,DA02_IN,DA02_O2.csv,light,run1,0,7,2,94
2026-07-07,14:28,14:43,SF01,sf,SF01_IN,SF01_O2.csv,light,run1,0,8,2,94
2026-07-07,14:28,14:43,HD01,hd,HD01_IN,HD01_O2.csv,light,run1,0,9,2,94
2026-07-07,14:28,14:43,DA01,da,DA01_IN,DA01_O2.csv,light,run1,0,10,2,94
2026-07-07,14:28,14:43,AS02,as,AS02_IN,AS02_O2.csv,light,run1,0,11,2,94
2026-07-07,14:28,14:43,BLANK2_RUN1,blank,BLANK2_RUN1_PI,BLANK2_RUN1_O2.csv,light,run1,1,12,2,94
2026-07-07,14:46,15:01,AS01,as,AS01_IN,AS01_O2.csv,light,run1,0,1,3,190
2026-07-07,14:46,15:01,HD02,hd,HD02_IN,HD02_O2.csv,light,run1,0,2,3,190
2026-07-07,14:46,15:01,BLANK1_RUN1,blank,BLANK1_RUN1_PI,BLANK1_RUN1_O2.csv,light,run1,1,3,3,190
2026-07-07,14:46,15:01,GS01,gs,GS01_IN,GS01_O2.csv,light,run1,0,4,3,190
2026-07-07,14:46,15:01,SF02,sf,SF02_IN,SF02_O2.csv,light,run1,0,5,3,190
2026-07-07,14:46,15:01,AV02,av,AV02_IN,AV02_O2.csv,light,run1,0,6,3,190
2026-07-07,14:46,15:01,DA02,da,DA02_IN,DA02_O2.csv,light,run1,0,7,3,190
2026-07-07,14:46,15:01,SF01,sf,SF01_IN,SF01_O2.csv,light,run1,0,8,3,190
2026-07-07,14:46,15:01,HD01,hd,HD01_IN,HD01_O2.csv,light,run1,0,9,3,190
2026-07-07,14:46,15:01,DA01,da,DA01_IN,DA01_O2.csv,light,run1,0,10,3,190
2026-07-07,14:46,15:01,AS02,as,AS02_IN,AS02_O2.csv,light,run1,0,11,3,190
2026-07-07,15:05,15:20,BLANK2_RUN1,blank,BLANK2_RUN1_PI,BLANK2_RUN1_O2.csv,light,run1,1,12,3,190
2026-07-07,15:05,15:20,AS01,as,AS01_IN,AS01_O2.csv,light,run1,0,1,4,295
2026-07-07,15:05,15:20,HD02,hd,HD02_IN,HD02_O2.csv,light,run1,0,2,4,295
2026-07-07,15:05,15:20,BLANK1_RUN1,blank,BLANK1_RUN1_PI,BLANK1_RUN1_O2.csv,light,run1,1,3,4,295
2026-07-07,15:05,15:20,GS01,gs,GS01_IN,GS01_O2.csv,light,run1,0,4,4,295
2026-07-07,15:05,15:20,SF02,sf,SF02_IN,SF02_O2.csv,light,run1,0,5,4,295
2026-07-07,15:05,15:20,AV02,av,AV02_IN,AV02_O2.csv,light,run1,0,6,4,295
2026-07-07,15:05,15:20,DA02,da,DA02_IN,DA02_O2.csv,light,run1,0,7,4,295
2026-07-07,15:05,15:20,SF01,sf,SF01_IN,SF01_O2.csv,light,run1,0,8,4,295
2026-07-07,15:05,15:20,HD01,hd,HD01_IN,HD01_O2.csv,light,run1,0,9,4,295
2026-07-07,15:05,15:20,DA01,da,DA01_IN,DA01_O2.csv,light,run1,0,10,4,295
2026-07-07,15:05,15:20,AS02,as,AS02_IN,AS02_O2.csv,light,run1,0,11,4,295
2026-07-07,15:05,15:20,BLANK2_RUN1,blank,BLANK2_RUN1_PI,BLANK2_RUN1_O2.csv,light,run1,1,12,4,295
2026-07-07,15:26,15:41,AS01,as,AS01_IN,AS01_O2.csv,light,run1,0,1,5,390
2026-07-07,15:26,15:41,HD02,hd,HD02_IN,HD02_O2.csv,light,run1,0,2,5,390
2026-07-07,15:26,15:41,BLANK1_RUN1,blank,BLANK1_RUN1_PI,BLANK1_RUN1_O2.csv,light,run1,1,3,5,390
2026-07-07,15:26,15:41,GS01,gs,GS01_IN,GS01_O2.csv,light,run1,0,4,5,390
2026-07-07,15:26,15:41,SF02,sf,SF02_IN,SF02_O2.csv,light,run1,0,5,5,390
2026-07-07,15:26,15:41,AV02,av,AV02_IN,AV02_O2.csv,light,run1,0,6,5,390
2026-07-07,15:26,15:41,DA02,da,DA02_IN,DA02_O2.csv,light,run1,0,7,5,390
2026-07-07,15:26,15:41,SF01,sf,SF01_IN,SF01_O2.csv,light,run1,0,8,5,390
2026-07-07,15:26,15:41,HD01,hd,HD01_IN,HD01_O2.csv,light,run1,0,9,5,390
2026-07-07,15:26,15:41,DA01,da,DA01_IN,DA01_O2.csv,light,run1,0,10,5,390
2026-07-07,15:26,15:41,AS02,as,AS02_IN,AS02_O2.csv,light,run1,0,11,5,390
2026-07-07,15:26,15:41,BLANK2_RUN1,blank,BLANK2_RUN1_PI,BLANK2_RUN1_O2.csv,light,run1,1,12,5,390
2026-07-07,15:52,16:07,AS01,as,AS01_IN,AS01_O2.csv,light,run1,0,1,6,490
2026-07-07,15:52,16:07,HD02,hd,HD02_IN,HD02_O2.csv,light,run1,0,2,6,490
2026-07-07,15:52,16:07,BLANK1_RUN1,blank,BLANK1_RUN1_PI,BLANK1_RUN1_O2.csv,light,run1,1,3,6,490
2026-07-07,15:52,16:07,GS01,gs,GS01_IN,GS01_O2.csv,light,run1,0,4,6,490
2026-07-07,15:52,16:07,SF02,sf,SF02_IN,SF02_O2.csv,light,run1,0,5,6,490
2026-07-07,15:52,16:07,AV02,av,AV02_IN,AV02_O2.csv,light,run1,0,6,6,490
2026-07-07,15:52,16:07,DA02,da,DA02_IN,DA02_O2.csv,light,run1,0,7,6,490
2026-07-07,15:52,16:07,SF01,sf,SF01_IN,SF01_O2.csv,light,run1,0,8,6,490
2026-07-07,15:52,16:07,HD01,hd,HD01_IN,HD01_O2.csv,light,run1,0,9,6,490
2026-07-07,15:52,16:07,DA01,da,DA01_IN,DA01_O2.csv,light,run1,0,10,6,490
2026-07-07,15:52,16:07,AS02,as,AS02_IN,AS02_O2.csv,light,run1,0,11,6,490
2026-07-07,15:52,16:07,BLANK2_RUN1,blank,BLANK2_RUN1_PI,BLANK2_RUN1_O2.csv,light,run1,1,12,6,490
2026-07-07,16:17,16:32,AS01,as,AS01_IN,AS01_O2.csv,light,run1,0,1,7,590
2026-07-07,16:17,16:32,HD02,hd,HD02_IN,HD02_O2.csv,light,run1,0,2,7,590
2026-07-07,16:17,16:32,BLANK1_RUN1,blank,BLANK1_RUN1_PI,BLANK1_RUN1_O2.csv,light,run1,1,3,7,590
2026-07-07,16:17,16:32,GS01,gs,GS01_IN,GS01_O2.csv,light,run1,0,4,7,590
2026-07-07,16:17,16:32,SF02,sf,SF02_IN,SF02_O2.csv,light,run1,0,5,7,590
2026-07-07,16:17,16:32,AV02,av,AV02_IN,AV02_O2.csv,light,run1,0,6,7,590
2026-07-07,16:17,16:32,DA02,da,DA02_IN,DA02_O2.csv,light,run1,0,7,7,590
2026-07-07,16:17,16:32,SF01,sf,SF01_IN,SF01_O2.csv,light,run1,0,8,7,590
2026-07-07,16:17,16:32,HD01,hd,HD01_IN,HD01_O2.csv,light,run1,0,9,7,590
2026-07-07,16:17,16:32,DA01,da,DA01_IN,DA01_O2.csv,light,run1,0,10,7,590
2026-07-07,16:17,16:32,AS02,as,AS02_IN,AS02_O2.csv,light,run1,0,11,7,590
2026-07-07,16:17,16:32,BLANK2_RUN1,blank,BLANK2_RUN1_PI,BLANK2_RUN1_O2.csv,light,run1,1,12,7,590
2026-07-07,16:46,17:01,AS01,as,AS01_IN,AS01_O2.csv,light,run1,0,1,8,700
2026-07-07,16:46,17:01,HD02,hd,HD02_IN,HD02_O2.csv,light,run1,0,2,8,700
2026-07-07,16:46,17:01,BLANK1_RUN1,blank,BLANK1_RUN1_PI,BLANK1_RUN1_O2.csv,light,run1,1,3,8,700
2026-07-07,16:46,17:01,GS01,gs,GS01_IN,GS01_O2.csv,light,run1,0,4,8,700
2026-07-07,16:46,17:01,SF02,sf,SF02_IN,SF02_O2.csv,light,run1,0,5,8,700
2026-07-07,16:46,17:01,AV02,av,AV02_IN,AV02_O2.csv,light,run1,0,6,8,700
2026-07-07,16:46,17:01,DA02,da,DA02_IN,DA02_O2.csv,light,run1,0,7,8,700
2026-07-07,16:46,17:01,SF01,sf,SF01_IN,SF01_O2.csv,light,run1,0,8,8,700
2026-07-07,16:46,17:01,HD01,hd,HD01_IN,HD01_O2.csv,light,run1,0,9,8,700
2026-07-07,16:46,17:01,DA01,da,DA01_IN,DA01_O2.csv,light,run1,0,10,8,700
2026-07-07,16:46,17:01,AS02,as,AS02_IN,AS02_O2.csv,light,run1,0,11,8,700
2026-07-07,16:46,17:01,BLANK2_RUN1,blank,BLANK2_RUN1_PI,BLANK2_RUN1_O2.csv,light,run1,1,12,8,700
2026-07-07,17:11,17:26,AS01,as,AS01_IN,AS01_O2.csv,light,run1,0,1,9,820
2026-07-07,17:11,17:26,HD02,hd,HD02_IN,HD02_O2.csv,light,run1,0,2,9,820
2026-07-07,17:11,17:26,BLANK1_RUN1,blank,BLANK1_RUN1_PI,BLANK1_RUN1_O2.csv,light,run1,1,3,9,820
2026-07-07,17:11,17:26,GS01,gs,GS01_IN,GS01_O2.csv,light,run1,0,4,9,820
2026-07-07,17:11,17:26,SF02,sf,SF02_IN,SF02_O2.csv,light,run1,0,5,9,820
2026-07-07,17:11,17:26,AV02,av,AV02_IN,AV02_O2.csv,light,run1,0,6,9,820
2026-07-07,17:11,17:26,DA02,da,DA02_IN,DA02_O2.csv,light,run1,0,7,9,820
2026-07-07,17:11,17:26,SF01,sf,SF01_IN,SF01_O2.csv,light,run1,0,8,9,820
2026-07-07,17:11,17:26,HD01,hd,HD01_IN,HD01_O2.csv,light,run1,0,9,9,820
2026-07-07,17:11,17:26,DA01,da,DA01_IN,DA01_O2.csv,light,run1,0,10,9,820
2026-07-07,17:11,17:26,AS02,as,AS02_IN,AS02_O2.csv,light,run1,0,11,9,820
2026-07-07,17:11,17:26,BLANK2_RUN1,blank,BLANK2_RUN1_PI,BLANK2_RUN1_O2.csv,light,run1,1,12,9,820
2026-07-07,17:30,17:45,AS01,as,AS01_IN,AS01_O2.csv,light,run1,0,1,10,905
2026-07-07,17:30,17:45,HD02,hd,HD02_IN,HD02_O2.csv,light,run1,0,2,10,905
2026-07-07,17:30,17:45,BLANK1_RUN1,blank,BLANK1_RUN1_PI,BLANK1_RUN1_O2.csv,light,run1,1,3,10,905
2026-07-07,17:30,17:45,GS01,gs,GS01_IN,GS01_O2.csv,light,run1,0,4,10,905
2026-07-07,17:30,17:45,SF02,sf,SF02_IN,SF02_O2.csv,light,run1,0,5,10,905
2026-07-07,17:30,17:45,AV02,av,AV02_IN,AV02_O2.csv,light,run1,0,6,10,905
2026-07-07,17:30,17:45,DA02,da,DA02_IN,DA02_O2.csv,light,run1,0,7,10,905
2026-07-07,17:30,17:45,SF01,sf,SF01_IN,SF01_O2.csv,light,run1,0,8,10,905
2026-07-07,17:30,17:45,HD01,hd,HD01_IN,HD01_O2.csv,light,run1,0,9,10,905
2026-07-07,17:30,17:45,DA01,da,DA01_IN,DA01_O2.csv,light,run1,0,10,10,905
2026-07-07,17:30,17:45,AS02,as,AS02_IN,AS02_O2.csv,light,run1,0,11,10,905
2026-07-07,17:30,17:45,BLANK2_RUN1,blank,BLANK2_RUN1_PI,BLANK2_RUN1_O2.csv,light,run1,1,12,10,905
2026-07-09,12:17,12:32,CS02,cs,CS02_IN,CS02_O2.csv,dark,run2,0,1,1,0
2026-07-09,12:17,12:32,SF03,sf,SF03_OFF,SF03_O2.csv,dark,run2,0,2,1,0
2026-07-09,12:17,12:32,AV01,av,AV01_OFF,AV01_O2.csv,dark,run2,0,3,1,0
2026-07-09,12:17,12:32,BLANK1_RUN2,blank,BLANK1_RUN2_PI,BLANK1_RUN2_O2.csv,dark,run2,1,4,1,0
2026-07-09,12:17,12:32,AS04,as,AS04_OFF,AS04_O2.csv,dark,run2,0,5,1,0
2026-07-09,12:17,12:32,AV03,av,AV03_IN,AV03_O2.csv,dark,run2,0,6,1,0
2026-07-09,12:17,12:32,AS03,as,AS03_OFF,AS03_O2.csv,dark,run2,0,7,1,0
2026-07-09,12:17,12:32,CS01,cs,CS01_OFF,CS01_O2.csv,dark,run2,0,8,1,0
2026-07-09,12:17,12:32,HD04,hd,HD04_OFF,HD04_O2.csv,dark,run2,0,9,1,0
2026-07-09,12:17,12:32,GS02,gs,GS02_OFF,GS02_O2.csv,dark,run2,0,10,1,0
2026-07-09,12:17,12:32,BLANK2_RUN2,blank,BLANK2_RUN2_PI,BLANK2_RUN2_O2.csv,dark,run2,1,11,1,0
2026-07-09,12:17,12:32,SF04,sf,SF04_OFF,SF04_O2.csv,dark,run2,0,12,1,0
2026-07-09,12:35,12:50,CS02,cs,CS02_IN,CS02_O2.csv,light,run2,0,1,2,95
2026-07-09,12:35,12:50,SF03,sf,SF03_OFF,SF03_O2.csv,light,run2,0,2,2,95
2026-07-09,12:35,12:50,AV01,av,AV01_OFF,AV01_O2.csv,light,run2,0,3,2,95
2026-07-09,12:35,12:50,BLANK1_RUN2,blank,BLANK1_RUN2_PI,BLANK1_RUN2_O2.csv,light,run2,1,4,2,95
2026-07-09,12:35,12:50,AS04,as,AS04_OFF,AS04_O2.csv,light,run2,0,5,2,95
2026-07-09,12:35,12:50,AV03,av,AV03_IN,AV03_O2.csv,light,run2,0,6,2,95
2026-07-09,12:35,12:50,AS03,as,AS03_OFF,AS03_O2.csv,light,run2,0,7,2,95
2026-07-09,12:35,12:50,CS01,cs,CS01_OFF,CS01_O2.csv,light,run2,0,8,2,95
2026-07-09,12:35,12:50,HD04,hd,HD04_OFF,HD04_O2.csv,light,run2,0,9,2,95
2026-07-09,12:35,12:50,GS02,gs,GS02_OFF,GS02_O2.csv,light,run2,0,10,2,95
2026-07-09,12:35,12:50,BLANK2_RUN2,blank,BLANK2_RUN2_PI,BLANK2_RUN2_O2.csv,light,run2,1,11,2,95
2026-07-09,12:35,12:50,SF04,sf,SF04_OFF,SF04_O2.csv,light,run2,0,12,2,95
2026-07-09,12:54,13:09,CS02,cs,CS02_IN,CS02_O2.csv,light,run2,0,1,3,200
2026-07-09,12:54,13:09,SF03,sf,SF03_OFF,SF03_O2.csv,light,run2,0,2,3,200
2026-07-09,12:54,13:09,AV01,av,AV01_OFF,AV01_O2.csv,light,run2,0,3,3,200
2026-07-09,12:54,13:09,BLANK1_RUN2,blank,BLANK1_RUN2_PI,BLANK1_RUN2_O2.csv,light,run2,1,4,3,200
2026-07-09,12:54,13:09,AS04,as,AS04_OFF,AS04_O2.csv,light,run2,0,5,3,200
2026-07-09,12:54,13:09,AV03,av,AV03_IN,AV03_O2.csv,light,run2,0,6,3,200
2026-07-09,12:54,13:09,AS03,as,AS03_OFF,AS03_O2.csv,light,run2,0,7,3,200
2026-07-09,12:54,13:09,CS01,cs,CS01_OFF,CS01_O2.csv,light,run2,0,8,3,200
2026-07-09,12:54,13:09,HD04,hd,HD04_OFF,HD04_O2.csv,light,run2,0,9,3,200
2026-07-09,12:54,13:09,GS02,gs,GS02_OFF,GS02_O2.csv,light,run2,0,10,3,200
2026-07-09,12:54,13:09,BLANK2_RUN2,blank,BLANK2_RUN2_PI,BLANK2_RUN2_O2.csv,light,run2,1,11,3,200
2026-07-09,12:54,13:09,SF04,sf,SF04_OFF,SF04_O2.csv,light,run2,0,12,3,200
2026-07-09,13:12,13:27,CS02,cs,CS02_IN,CS02_O2.csv,light,run2,0,1,4,305
2026-07-09,13:12,13:27,SF03,sf,SF03_OFF,SF03_O2.csv,light,run2,0,2,4,305
2026-07-09,13:12,13:27,AV01,av,AV01_OFF,AV01_O2.csv,light,run2,0,3,4,305
2026-07-09,13:12,13:27,BLANK1_RUN2,blank,BLANK1_RUN2_PI,BLANK1_RUN2_O2.csv,light,run2,1,4,4,305
2026-07-09,13:12,13:27,AS04,as,AS04_OFF,AS04_O2.csv,light,run2,0,5,4,305
2026-07-09,13:12,13:27,AV03,av,AV03_IN,AV03_O2.csv,light,run2,0,6,4,305
2026-07-09,13:12,13:27,AS03,as,AS03_OFF,AS03_O2.csv,light,run2,0,7,4,305
2026-07-09,13:12,13:27,CS01,cs,CS01_OFF,CS01_O2.csv,light,run2,0,8,4,305
2026-07-09,13:12,13:27,HD04,hd,HD04_OFF,HD04_O2.csv,light,run2,0,9,4,305
2026-07-09,13:12,13:27,GS02,gs,GS02_OFF,GS02_O2.csv,light,run2,0,10,4,305
2026-07-09,13:12,13:27,BLANK2_RUN2,blank,BLANK2_RUN2_PI,BLANK2_RUN2_O2.csv,light,run2,1,11,4,305
2026-07-09,13:12,13:27,SF04,sf,SF04_OFF,SF04_O2.csv,light,run2,0,12,4,305
2026-07-09,13:35,13:50,CS02,cs,CS02_IN,CS02_O2.csv,light,run2,0,1,5,410
2026-07-09,13:35,13:50,SF03,sf,SF03_OFF,SF03_O2.csv,light,run2,0,2,5,410
2026-07-09,13:35,13:50,AV01,av,AV01_OFF,AV01_O2.csv,light,run2,0,3,5,410
2026-07-09,13:35,13:50,BLANK1_RUN2,blank,BLANK1_RUN2_PI,BLANK1_RUN2_O2.csv,light,run2,1,4,5,410
2026-07-09,13:35,13:50,AS04,as,AS04_OFF,AS04_O2.csv,light,run2,0,5,5,410
2026-07-09,13:35,13:50,AV03,av,AV03_IN,AV03_O2.csv,light,run2,0,6,5,410
2026-07-09,13:35,13:50,AS03,as,AS03_OFF,AS03_O2.csv,light,run2,0,7,5,410
2026-07-09,13:35,13:50,CS01,cs,CS01_OFF,CS01_O2.csv,light,run2,0,8,5,410
2026-07-09,13:35,13:50,HD04,hd,HD04_OFF,HD04_O2.csv,light,run2,0,9,5,410
2026-07-09,13:35,13:50,GS02,gs,GS02_OFF,GS02_O2.csv,light,run2,0,10,5,410
2026-07-09,13:35,13:50,BLANK2_RUN2,blank,BLANK2_RUN2_PI,BLANK2_RUN2_O2.csv,light,run2,1,11,5,410
2026-07-09,13:35,13:50,SF04,sf,SF04_OFF,SF04_O2.csv,light,run2,0,12,5,410
2026-07-09,13:59,14:14,CS02,cs,CS02_IN,CS02_O2.csv,light,run2,0,1,6,505
2026-07-09,13:59,14:14,SF03,sf,SF03_OFF,SF03_O2.csv,light,run2,0,2,6,505
2026-07-09,13:59,14:14,AV01,av,AV01_OFF,AV01_O2.csv,light,run2,0,3,6,505
2026-07-09,13:59,14:14,BLANK1_RUN2,blank,BLANK1_RUN2_PI,BLANK1_RUN2_O2.csv,light,run2,1,4,6,505
2026-07-09,13:59,14:14,AS04,as,AS04_OFF,AS04_O2.csv,light,run2,0,5,6,505
2026-07-09,13:59,14:14,AV03,av,AV03_IN,AV03_O2.csv,light,run2,0,6,6,505
2026-07-09,13:59,14:14,AS03,as,AS03_OFF,AS03_O2.csv,light,run2,0,7,6,505
2026-07-09,13:59,14:14,CS01,cs,CS01_OFF,CS01_O2.csv,light,run2,0,8,6,505
2026-07-09,13:59,14:14,HD04,hd,HD04_OFF,HD04_O2.csv,light,run2,0,9,6,505
2026-07-09,13:59,14:14,GS02,gs,GS02_OFF,GS02_O2.csv,light,run2,0,10,6,505
2026-07-09,13:59,14:14,BLANK2_RUN2,blank,BLANK2_RUN2_PI,BLANK2_RUN2_O2.csv,light,run2,1,11,6,505
2026-07-09,13:59,14:14,SF04,sf,SF04_OFF,SF04_O2.csv,light,run2,0,12,6,505
2026-07-09,14:21,14:36,CS02,cs,CS02_IN,CS02_O2.csv,light,run2,0,1,7,600
2026-07-09,14:21,14:36,SF03,sf,SF03_OFF,SF03_O2.csv,light,run2,0,2,7,600
2026-07-09,14:21,14:36,AV01,av,AV01_OFF,AV01_O2.csv,light,run2,0,3,7,600
2026-07-09,14:21,14:36,BLANK1_RUN2,blank,BLANK1_RUN2_PI,BLANK1_RUN2_O2.csv,light,run2,1,4,7,600
2026-07-09,14:21,14:36,AS04,as,AS04_OFF,AS04_O2.csv,light,run2,0,5,7,600
2026-07-09,14:21,14:36,AV03,av,AV03_IN,AV03_O2.csv,light,run2,0,6,7,600
2026-07-09,14:21,14:36,AS03,as,AS03_OFF,AS03_O2.csv,light,run2,0,7,7,600
2026-07-09,14:21,14:36,CS01,cs,CS01_OFF,CS01_O2.csv,light,run2,0,8,7,600
2026-07-09,14:21,14:36,HD04,hd,HD04_OFF,HD04_O2.csv,light,run2,0,9,7,600
2026-07-09,14:21,14:36,GS02,gs,GS02_OFF,GS02_O2.csv,light,run2,0,10,7,600
2026-07-09,14:21,14:36,BLANK2_RUN2,blank,BLANK2_RUN2_PI,BLANK2_RUN2_O2.csv,light,run2,1,11,7,600
2026-07-09,14:21,14:36,SF04,sf,SF04_OFF,SF04_O2.csv,light,run2,0,12,7,600
2026-07-09,14:43,14:58,CS02,cs,CS02_IN,CS02_O2.csv,light,run2,0,1,8,695
2026-07-09,14:43,14:58,SF03,sf,SF03_OFF,SF03_O2.csv,light,run2,0,2,8,695
2026-07-09,14:43,14:58,AV01,av,AV01_OFF,AV01_O2.csv,light,run2,0,3,8,695
2026-07-09,14:43,14:58,BLANK1_RUN2,blank,BLANK1_RUN2_PI,BLANK1_RUN2_O2.csv,light,run2,1,4,8,695
2026-07-09,14:43,14:58,AS04,as,AS04_OFF,AS04_O2.csv,light,run2,0,5,8,695
2026-07-09,14:43,14:58,AV03,av,AV03_IN,AV03_O2.csv,light,run2,0,6,8,695
2026-07-09,14:43,14:58,AS03,as,AS03_OFF,AS03_O2.csv,light,run2,0,7,8,695
2026-07-09,14:43,14:58,CS01,cs,CS01_OFF,CS01_O2.csv,light,run2,0,8,8,695
2026-07-09,14:43,14:58,HD04,hd,HD04_OFF,HD04_O2.csv,light,run2,0,9,8,695
2026-07-09,14:43,14:58,GS02,gs,GS02_OFF,GS02_O2.csv,light,run2,0,10,8,695
2026-07-09,14:43,14:58,BLANK2_RUN2,blank,BLANK2_RUN2_PI,BLANK2_RUN2_O2.csv,light,run2,1,11,8,695
2026-07-09,14:43,14:58,SF04,sf,SF04_OFF,SF04_O2.csv,light,run2,0,12,8,695
2026-07-09,15:03,15:18,CS02,cs,CS02_IN,CS02_O2.csv,light,run2,0,1,9,790
2026-07-09,15:03,15:18,SF03,sf,SF03_OFF,SF03_O2.csv,light,run2,0,2,9,790
2026-07-09,15:03,15:18,AV01,av,AV01_OFF,AV01_O2.csv,light,run2,0,3,9,790
2026-07-09,15:03,15:18,BLANK1_RUN2,blank,BLANK1_RUN2_PI,BLANK1_RUN2_O2.csv,light,run2,1,4,9,790
2026-07-09,15:03,15:18,AS04,as,AS04_OFF,AS04_O2.csv,light,run2,0,5,9,790
2026-07-09,15:03,15:18,AV03,av,AV03_IN,AV03_O2.csv,light,run2,0,6,9,790
2026-07-09,15:03,15:18,AS03,as,AS03_OFF,AS03_O2.csv,light,run2,0,7,9,790
2026-07-09,15:03,15:18,CS01,cs,CS01_OFF,CS01_O2.csv,light,run2,0,8,9,790
2026-07-09,15:03,15:18,HD04,hd,HD04_OFF,HD04_O2.csv,light,run2,0,9,9,790
2026-07-09,15:03,15:18,GS02,gs,GS02_OFF,GS02_O2.csv,light,run2,0,10,9,790
2026-07-09,15:03,15:18,BLANK2_RUN2,blank,BLANK2_RUN2_PI,BLANK2_RUN2_O2.csv,light,run2,1,11,9,790
2026-07-09,15:03,15:18,SF04,sf,SF04_OFF,SF04_O2.csv,light,run2,0,12,9,790
2026-07-09,15:22,15:37,CS02,cs,CS02_IN,CS02_O2.csv,light,run2,0,1,10,905
2026-07-09,15:22,15:37,SF03,sf,SF03_OFF,SF03_O2.csv,light,run2,0,2,10,905
2026-07-09,15:22,15:37,AV01,av,AV01_OFF,AV01_O2.csv,light,run2,0,3,10,905
2026-07-09,15:22,15:37,BLANK1_RUN2,blank,BLANK1_RUN2_PI,BLANK1_RUN2_O2.csv,light,run2,1,4,10,905
2026-07-09,15:22,15:37,AS04,as,AS04_OFF,AS04_O2.csv,light,run2,0,5,10,905
2026-07-09,15:22,15:37,AV03,av,AV03_IN,AV03_O2.csv,light,run2,0,6,10,905
2026-07-09,15:22,15:37,AS03,as,AS03_OFF,AS03_O2.csv,light,run2,0,7,10,905
2026-07-09,15:22,15:37,CS01,cs,CS01_OFF,CS01_O2.csv,light,run2,0,8,10,905
2026-07-09,15:22,15:37,HD04,hd,HD04_OFF,HD04_O2.csv,light,run2,0,9,10,905
2026-07-09,15:22,15:37,GS02,gs,GS02_OFF,GS02_O2.csv,light,run2,0,10,10,905
2026-07-09,15:22,15:37,BLANK2_RUN2,blank,BLANK2_RUN2_PI,BLANK2_RUN2_O2.csv,light,run2,1,11,10,905
2026-07-09,15:22,15:37,SF04,sf,SF04_OFF,SF04_O2.csv,light,run2,0,12,10,905
2026-07-10,11:05,11:20,GS04,gs,GS04_IN,GS04_O2.csv,dark,run3,0,1,1,0
2026-07-10,11:05,11:20,DA03,da,DA03_OFF,DA03_O2.csv,dark,run3,0,2,1,0
2026-07-10,11:05,11:20,HD03,hd,HD03_OFF,HD03_O2.csv,dark,run3,0,3,1,0
2026-07-10,11:05,11:20,BLANK1_RUN3,blank,BLANK1_RUN3_PI,BLANK1_RUN3_O2.csv,dark,run3,1,4,1,0
2026-07-10,11:05,11:20,GS03,gs,GS03_OFF,GS03_O2.csv,dark,run3,0,5,1,0
2026-07-10,11:05,11:20,SF05,sf,SF05_IN,SF05_O2.csv,dark,run3,0,6,1,0
2026-07-10,11:05,11:20,AV05,av,AV05_IN,AV05_O2.csv,dark,run3,0,7,1,0
2026-07-10,11:05,11:20,BLANK2_RUN3,blank,BLANK2_RUN3_PI,BLANK2_RUN3_O2.csv,dark,run3,1,8,1,0
2026-07-10,11:05,11:20,DA05,da,DA05_IN,DA05_O2.csv,dark,run3,0,9,1,0
2026-07-10,11:05,11:20,DA04,da,DA04_IN,DA04_O2.csv,dark,run3,0,10,1,0
2026-07-10,11:05,11:20,AV04,av,AV04_OFF,AV04_O2.csv,dark,run3,0,11,1,0
2026-07-10,11:05,11:20,HD05,hd,HD05_IN,HD05_O2.csv,dark,run3,0,12,1,0
2026-07-10,11:23,11:38,GS04,gs,GS04_IN,GS04_O2.csv,light,run3,0,1,2,95
2026-07-10,11:23,11:38,DA03,da,DA03_OFF,DA03_O2.csv,light,run3,0,2,2,95
2026-07-10,11:23,11:38,HD03,hd,HD03_OFF,HD03_O2.csv,light,run3,0,3,2,95
2026-07-10,11:23,11:38,BLANK1_RUN3,blank,BLANK1_RUN3_PI,BLANK1_RUN3_O2.csv,light,run3,1,4,2,95
2026-07-10,11:23,11:38,GS03,gs,GS03_OFF,GS03_O2.csv,light,run3,0,5,2,95
2026-07-10,11:23,11:38,SF05,sf,SF05_IN,SF05_O2.csv,light,run3,0,6,2,95
2026-07-10,11:23,11:38,AV05,av,AV05_IN,AV05_O2.csv,light,run3,0,7,2,95
2026-07-10,11:23,11:38,BLANK2_RUN3,blank,BLANK2_RUN3_PI,BLANK2_RUN3_O2.csv,light,run3,1,8,2,95
2026-07-10,11:23,11:38,DA05,da,DA05_IN,DA05_O2.csv,light,run3,0,9,2,95
2026-07-10,11:23,11:38,DA04,da,DA04_IN,DA04_O2.csv,light,run3,0,10,2,95
2026-07-10,11:23,11:38,AV04,av,AV04_OFF,AV04_O2.csv,light,run3,0,11,2,95
2026-07-10,11:23,11:38,HD05,hd,HD05_IN,HD05_O2.csv,light,run3,0,12,2,95
2026-07-10,11:41,11:57,GS04,gs,GS04_IN,GS04_O2.csv,light,run3,0,1,3,200
2026-07-10,11:41,11:57,DA03,da,DA03_OFF,DA03_O2.csv,light,run3,0,2,3,200
2026-07-10,11:41,11:57,HD03,hd,HD03_OFF,HD03_O2.csv,light,run3,0,3,3,200
2026-07-10,11:41,11:57,BLANK1_RUN3,blank,BLANK1_RUN3_PI,BLANK1_RUN3_O2.csv,light,run3,1,4,3,200
2026-07-10,11:41,11:57,GS03,gs,GS03_OFF,GS03_O2.csv,light,run3,0,5,3,200
2026-07-10,11:41,11:57,SF05,sf,SF05_IN,SF05_O2.csv,light,run3,0,6,3,200
2026-07-10,11:41,11:57,AV05,av,AV05_IN,AV05_O2.csv,light,run3,0,7,3,200
2026-07-10,11:41,11:57,BLANK2_RUN3,blank,BLANK2_RUN3_PI,BLANK2_RUN3_O2.csv,light,run3,1,8,3,200
2026-07-10,11:41,11:57,DA05,da,DA05_IN,DA05_O2.csv,light,run3,0,9,3,200
2026-07-10,11:41,11:57,DA04,da,DA04_IN,DA04_O2.csv,light,run3,0,10,3,200
2026-07-10,11:41,11:57,AV04,av,AV04_OFF,AV04_O2.csv,light,run3,0,11,3,200
2026-07-10,11:41,11:57,HD05,hd,HD05_IN,HD05_O2.csv,light,run3,0,12,3,200
2026-07-10,12:00,12:15,GS04,gs,GS04_IN,GS04_O2.csv,light,run3,0,1,4,315
2026-07-10,12:00,12:15,DA03,da,DA03_OFF,DA03_O2.csv,light,run3,0,2,4,315
2026-07-10,12:00,12:15,HD03,hd,HD03_OFF,HD03_O2.csv,light,run3,0,3,4,315
2026-07-10,12:00,12:15,BLANK1_RUN3,blank,BLANK1_RUN3_PI,BLANK1_RUN3_O2.csv,light,run3,1,4,4,315
2026-07-10,12:00,12:15,GS03,gs,GS03_OFF,GS03_O2.csv,light,run3,0,5,4,315
2026-07-10,12:00,12:15,SF05,sf,SF05_IN,SF05_O2.csv,light,run3,0,6,4,315
2026-07-10,12:00,12:15,AV05,av,AV05_IN,AV05_O2.csv,light,run3,0,7,4,315
2026-07-10,12:00,12:15,BLANK2_RUN3,blank,BLANK2_RUN3_PI,BLANK2_RUN3_O2.csv,light,run3,1,8,4,315
2026-07-10,12:00,12:15,DA05,da,DA05_IN,DA05_O2.csv,light,run3,0,9,4,315
2026-07-10,12:00,12:15,DA04,da,DA04_IN,DA04_O2.csv,light,run3,0,10,4,315
2026-07-10,12:00,12:15,AV04,av,AV04_OFF,AV04_O2.csv,light,run3,0,11,4,315
2026-07-10,12:00,12:15,HD05,hd,HD05_IN,HD05_O2.csv,light,run3,0,12,4,315
2026-07-10,12:20,12:35,GS04,gs,GS04_IN,GS04_O2.csv,light,run3,0,1,5,405
2026-07-10,12:20,12:35,DA03,da,DA03_OFF,DA03_O2.csv,light,run3,0,2,5,405
2026-07-10,12:20,12:35,HD03,hd,HD03_OFF,HD03_O2.csv,light,run3,0,3,5,405
2026-07-10,12:20,12:35,BLANK1_RUN3,blank,BLANK1_RUN3_PI,BLANK1_RUN3_O2.csv,light,run3,1,4,5,405
2026-07-10,12:20,12:35,GS03,gs,GS03_OFF,GS03_O2.csv,light,run3,0,5,5,405
2026-07-10,12:20,12:35,SF05,sf,SF05_IN,SF05_O2.csv,light,run3,0,6,5,405
2026-07-10,12:20,12:35,AV05,av,AV05_IN,AV05_O2.csv,light,run3,0,7,5,405
2026-07-10,12:20,12:35,BLANK2_RUN3,blank,BLANK2_RUN3_PI,BLANK2_RUN3_O2.csv,light,run3,1,8,5,405
2026-07-10,12:20,12:35,DA05,da,DA05_IN,DA05_O2.csv,light,run3,0,9,5,405
2026-07-10,12:20,12:35,DA04,da,DA04_IN,DA04_O2.csv,light,run3,0,10,5,405
2026-07-10,12:20,12:35,AV04,av,AV04_OFF,AV04_O2.csv,light,run3,0,11,5,405
2026-07-10,12:20,12:35,HD05,hd,HD05_IN,HD05_O2.csv,light,run3,0,12,5,405
2026-07-10,12:39,12:54,GS04,gs,GS04_IN,GS04_O2.csv,light,run3,0,1,6,495
2026-07-10,12:39,12:54,DA03,da,DA03_OFF,DA03_O2.csv,light,run3,0,2,6,495
2026-07-10,12:39,12:54,HD03,hd,HD03_OFF,HD03_O2.csv,light,run3,0,3,6,495
2026-07-10,12:39,12:54,BLANK1_RUN3,blank,BLANK1_RUN3_PI,BLANK1_RUN3_O2.csv,light,run3,1,4,6,495
2026-07-10,12:39,12:54,GS03,gs,GS03_OFF,GS03_O2.csv,light,run3,0,5,6,495
2026-07-10,12:39,12:54,SF05,sf,SF05_IN,SF05_O2.csv,light,run3,0,6,6,495
2026-07-10,12:39,12:54,AV05,av,AV05_IN,AV05_O2.csv,light,run3,0,7,6,495
2026-07-10,12:39,12:54,BLANK2_RUN3,blank,BLANK2_RUN3_PI,BLANK2_RUN3_O2.csv,light,run3,1,8,6,495
2026-07-10,12:39,12:54,DA05,da,DA05_IN,DA05_O2.csv,light,run3,0,9,6,495
2026-07-10,12:39,12:54,DA04,da,DA04_IN,DA04_O2.csv,light,run3,0,10,6,495
2026-07-10,12:39,12:54,AV04,av,AV04_OFF,AV04_O2.csv,light,run3,0,11,6,495
2026-07-10,12:39,12:54,HD05,hd,HD05_IN,HD05_O2.csv,light,run3,0,12,6,495
2026-07-10,13:00,13:15,GS04,gs,GS04_IN,GS04_O2.csv,light,run3,0,1,7,605
2026-07-10,13:00,13:15,DA03,da,DA03_OFF,DA03_O2.csv,light,run3,0,2,7,605
2026-07-10,13:00,13:15,HD03,hd,HD03_OFF,HD03_O2.csv,light,run3,0,3,7,605
2026-07-10,13:00,13:15,BLANK1_RUN3,blank,BLANK1_RUN3_PI,BLANK1_RUN3_O2.csv,light,run3,1,4,7,605
2026-07-10,13:00,13:15,GS03,gs,GS03_OFF,GS03_O2.csv,light,run3,0,5,7,605
2026-07-10,13:00,13:15,SF05,sf,SF05_IN,SF05_O2.csv,light,run3,0,6,7,605
2026-07-10,13:00,13:15,AV05,av,AV05_IN,AV05_O2.csv,light,run3,0,7,7,605
2026-07-10,13:00,13:15,BLANK2_RUN3,blank,BLANK2_RUN3_PI,BLANK2_RUN3_O2.csv,light,run3,1,8,7,605
2026-07-10,13:00,13:15,DA05,da,DA05_IN,DA05_O2.csv,light,run3,0,9,7,605
2026-07-10,13:00,13:15,DA04,da,DA04_IN,DA04_O2.csv,light,run3,0,10,7,605
2026-07-10,13:00,13:15,AV04,av,AV04_OFF,AV04_O2.csv,light,run3,0,11,7,605
2026-07-10,13:00,13:15,HD05,hd,HD05_IN,HD05_O2.csv,light,run3,0,12,7,605
2026-07-10,13:20,13:35,GS04,gs,GS04_IN,GS04_O2.csv,light,run3,0,1,8,695
2026-07-10,13:20,13:35,DA03,da,DA03_OFF,DA03_O2.csv,light,run3,0,2,8,695
2026-07-10,13:20,13:35,HD03,hd,HD03_OFF,HD03_O2.csv,light,run3,0,3,8,695
2026-07-10,13:20,13:35,BLANK1_RUN3,blank,BLANK1_RUN3_PI,BLANK1_RUN3_O2.csv,light,run3,1,4,8,695
2026-07-10,13:20,13:35,GS03,gs,GS03_OFF,GS03_O2.csv,light,run3,0,5,8,695
2026-07-10,13:20,13:35,SF05,sf,SF05_IN,SF05_O2.csv,light,run3,0,6,8,695
2026-07-10,13:20,13:35,AV05,av,AV05_IN,AV05_O2.csv,light,run3,0,7,8,695
2026-07-10,13:20,13:35,BLANK2_RUN3,blank,BLANK2_RUN3_PI,BLANK2_RUN3_O2.csv,light,run3,1,8,8,695
2026-07-10,13:20,13:35,DA05,da,DA05_IN,DA05_O2.csv,light,run3,0,9,8,695
2026-07-10,13:20,13:35,DA04,da,DA04_IN,DA04_O2.csv,light,run3,0,10,8,695
2026-07-10,13:20,13:35,AV04,av,AV04_OFF,AV04_O2.csv,light,run3,0,11,8,695
2026-07-10,13:20,13:35,HD05,hd,HD05_IN,HD05_O2.csv,light,run3,0,12,8,695
2026-07-10,13:43,13:58,GS04,gs,GS04_IN,GS04_O2.csv,light,run3,0,1,9,800
2026-07-10,13:43,13:58,DA03,da,DA03_OFF,DA03_O2.csv,light,run3,0,2,9,800
2026-07-10,13:43,13:58,HD03,hd,HD03_OFF,HD03_O2.csv,light,run3,0,3,9,800
2026-07-10,13:43,13:58,BLANK1_RUN3,blank,BLANK1_RUN3_PI,BLANK1_RUN3_O2.csv,light,run3,1,4,9,800
2026-07-10,13:43,13:58,GS03,gs,GS03_OFF,GS03_O2.csv,light,run3,0,5,9,800
2026-07-10,13:43,13:58,SF05,sf,SF05_IN,SF05_O2.csv,light,run3,0,6,9,800
2026-07-10,13:43,13:58,AV05,av,AV05_IN,AV05_O2.csv,light,run3,0,7,9,800
2026-07-10,13:43,13:58,BLANK2_RUN3,blank,BLANK2_RUN3_PI,BLANK2_RUN3_O2.csv,light,run3,1,8,9,800
2026-07-10,13:43,13:58,DA05,da,DA05_IN,DA05_O2.csv,light,run3,0,9,9,800
2026-07-10,13:43,13:58,DA04,da,DA04_IN,DA04_O2.csv,light,run3,0,10,9,800
2026-07-10,13:43,13:58,AV04,av,AV04_OFF,AV04_O2.csv,light,run3,0,11,9,800
2026-07-10,13:43,13:58,HD05,hd,HD05_IN,HD05_O2.csv,light,run3,0,12,9,800
2026-07-10,14:02,14:17,GS04,gs,GS04_IN,GS04_O2.csv,light,run3,0,1,10,890
2026-07-10,14:02,14:17,DA03,da,DA03_OFF,DA03_O2.csv,light,run3,0,2,10,890
2026-07-10,14:02,14:17,HD03,hd,HD03_OFF,HD03_O2.csv,light,run3,0,3,10,890
2026-07-10,14:02,14:17,BLANK1_RUN3,blank,BLANK1_RUN3_PI,BLANK1_RUN3_O2.csv,light,run3,1,4,10,890
2026-07-10,14:02,14:17,GS03,gs,GS03_OFF,GS03_O2.csv,light,run3,0,5,10,890
2026-07-10,14:02,14:17,SF05,sf,SF05_IN,SF05_O2.csv,light,run3,0,6,10,890
2026-07-10,14:02,14:17,AV05,av,AV05_IN,AV05_O2.csv,light,run3,0,7,10,890
2026-07-10,14:02,14:17,BLANK2_RUN3,blank,BLANK2_RUN3_PI,BLANK2_RUN3_O2.csv,light,run3,1,8,10,890
2026-07-10,14:02,14:17,DA05,da,DA05_IN,DA05_O2.csv,light,run3,0,9,10,890
2026-07-10,14:02,14:17,DA04,da,DA04_IN,DA04_O2.csv,light,run3,0,10,10,890
2026-07-10,14:02,14:17,AV04,av,AV04_OFF,AV04_O2.csv,light,run3,0,11,10,890
2026-07-10,14:02,14:17,HD05,hd,HD05_IN,HD05_O2.csv,light,run3,0,12,10,890
2026-07-13,12:24,12:39,GS06,gs,GS06_OFF,GS06_O2.csv,dark,run4,0,1,1,0
2026-07-13,12:24,12:39,AV07,av,AV07_OFF,AV07_O2.csv,dark,run4,0,2,1,0
2026-07-13,12:24,12:39,DS01,ds,DS01_OFF,DS01_O2.csv,dark,run4,0,3,1,0
2026-07-13,12:24,12:39,AV06,av,AV06_OFF,AV06_O2.csv,dark,run4,0,4,1,0
2026-07-13,12:24,12:39,BLANK1_RUN4,blank,BLANK1_RUN4_PI,BLANK1_RUN4_O2.csv,dark,run4,1,5,1,0
2026-07-13,12:24,12:39,GS05,gs,GS05_OFF,GS05_O2.csv,dark,run4,0,6,1,0
2026-07-13,12:24,12:39,DS03,ds,DS03_OFF,DS03_O2.csv,dark,run4,0,7,1,0
2026-07-13,12:24,12:39,AS06,as,AS06_OFF,AS06_O2.csv,dark,run4,0,8,1,0
2026-07-13,12:24,12:39,HD06,hd,HD06_OFF,HD06_O2.csv,dark,run4,0,9,1,0
2026-07-13,12:24,12:39,AS05,as,AS05_OFF,AS05_O2.csv,dark,run4,0,10,1,0
2026-07-13,12:24,12:39,BLANK2_RUN4,blank,BLANK2_RUN4_PI,BLANK2_RUN4_O2.csv,dark,run4,1,11,1,0
2026-07-13,12:24,12:39,DS02,ds,DS02_OFF,DS02_O2.csv,dark,run4,0,12,1,0
2026-07-13,12:44,12:59,GS06,gs,GS06_OFF,GS06_O2.csv,light,run4,0,1,2,100
2026-07-13,12:44,12:59,AV07,av,AV07_OFF,AV07_O2.csv,light,run4,0,2,2,100
2026-07-13,12:44,12:59,DS01,ds,DS01_OFF,DS01_O2.csv,light,run4,0,3,2,100
2026-07-13,12:44,12:59,AV06,av,AV06_OFF,AV06_O2.csv,light,run4,0,4,2,100
2026-07-13,12:44,12:59,BLANK1_RUN4,blank,BLANK1_RUN4_PI,BLANK1_RUN4_O2.csv,light,run4,1,5,2,100
2026-07-13,12:44,12:59,GS05,gs,GS05_OFF,GS05_O2.csv,light,run4,0,6,2,100
2026-07-13,12:44,12:59,DS03,ds,DS03_OFF,DS03_O2.csv,light,run4,0,7,2,100
2026-07-13,12:44,12:59,AS06,as,AS06_OFF,AS06_O2.csv,light,run4,0,8,2,100
2026-07-13,12:44,12:59,HD06,hd,HD06_OFF,HD06_O2.csv,light,run4,0,9,2,100
2026-07-13,12:44,12:59,AS05,as,AS05_OFF,AS05_O2.csv,light,run4,0,10,2,100
2026-07-13,12:44,12:59,BLANK2_RUN4,blank,BLANK2_RUN4_PI,BLANK2_RUN4_O2.csv,light,run4,1,11,2,100
2026-07-13,12:44,12:59,DS02,ds,DS02_OFF,DS02_O2.csv,light,run4,0,12,2,100
2026-07-13,13:01,13:16,GS06,gs,GS06_OFF,GS06_O2.csv,light,run4,0,1,3,195
2026-07-13,13:01,13:16,AV07,av,AV07_OFF,AV07_O2.csv,light,run4,0,2,3,195
2026-07-13,13:01,13:16,DS01,ds,DS01_OFF,DS01_O2.csv,light,run4,0,3,3,195
2026-07-13,13:01,13:16,AV06,av,AV06_OFF,AV06_O2.csv,light,run4,0,4,3,195
2026-07-13,13:01,13:16,BLANK1_RUN4,blank,BLANK1_RUN4_PI,BLANK1_RUN4_O2.csv,light,run4,1,5,3,195
2026-07-13,13:01,13:16,GS05,gs,GS05_OFF,GS05_O2.csv,light,run4,0,6,3,195
2026-07-13,13:01,13:16,DS03,ds,DS03_OFF,DS03_O2.csv,light,run4,0,7,3,195
2026-07-13,13:01,13:16,AS06,as,AS06_OFF,AS06_O2.csv,light,run4,0,8,3,195
2026-07-13,13:01,13:16,HD06,hd,HD06_OFF,HD06_O2.csv,light,run4,0,9,3,195
2026-07-13,13:01,13:16,AS05,as,AS05_OFF,AS05_O2.csv,light,run4,0,10,3,195
2026-07-13,13:01,13:16,BLANK2_RUN4,blank,BLANK2_RUN4_PI,BLANK2_RUN4_O2.csv,light,run4,1,11,3,195
2026-07-13,13:01,13:16,DS02,ds,DS02_OFF,DS02_O2.csv,light,run4,0,12,3,195
2026-07-13,13:19,13:34,GS06,gs,GS06_OFF,GS06_O2.csv,light,run4,0,1,4,300
2026-07-13,13:19,13:34,AV07,av,AV07_OFF,AV07_O2.csv,light,run4,0,2,4,300
2026-07-13,13:19,13:34,DS01,ds,DS01_OFF,DS01_O2.csv,light,run4,0,3,4,300
2026-07-13,13:19,13:34,AV06,av,AV06_OFF,AV06_O2.csv,light,run4,0,4,4,300
2026-07-13,13:19,13:34,BLANK1_RUN4,blank,BLANK1_RUN4_PI,BLANK1_RUN4_O2.csv,light,run4,1,5,4,300
2026-07-13,13:19,13:34,GS05,gs,GS05_OFF,GS05_O2.csv,light,run4,0,6,4,300
2026-07-13,13:19,13:34,DS03,ds,DS03_OFF,DS03_O2.csv,light,run4,0,7,4,300
2026-07-13,13:19,13:34,AS06,as,AS06_OFF,AS06_O2.csv,light,run4,0,8,4,300
2026-07-13,13:19,13:34,HD06,hd,HD06_OFF,HD06_O2.csv,light,run4,0,9,4,300
2026-07-13,13:19,13:34,AS05,as,AS05_OFF,AS05_O2.csv,light,run4,0,10,4,300
2026-07-13,13:19,13:34,BLANK2_RUN4,blank,BLANK2_RUN4_PI,BLANK2_RUN4_O2.csv,light,run4,1,11,4,300
2026-07-13,13:19,13:34,DS02,ds,DS02_OFF,DS02_O2.csv,light,run4,0,12,4,300
2026-07-13,13:36,13:51,GS06,gs,GS06_OFF,GS06_O2.csv,light,run4,0,1,5,405
2026-07-13,13:36,13:51,AV07,av,AV07_OFF,AV07_O2.csv,light,run4,0,2,5,405
2026-07-13,13:36,13:51,DS01,ds,DS01_OFF,DS01_O2.csv,light,run4,0,3,5,405
2026-07-13,13:36,13:51,AV06,av,AV06_OFF,AV06_O2.csv,light,run4,0,4,5,405
2026-07-13,13:36,13:51,BLANK1_RUN4,blank,BLANK1_RUN4_PI,BLANK1_RUN4_O2.csv,light,run4,1,5,5,405
2026-07-13,13:36,13:51,GS05,gs,GS05_OFF,GS05_O2.csv,light,run4,0,6,5,405
2026-07-13,13:36,13:51,DS03,ds,DS03_OFF,DS03_O2.csv,light,run4,0,7,5,405
2026-07-13,13:36,13:51,AS06,as,AS06_OFF,AS06_O2.csv,light,run4,0,8,5,405
2026-07-13,13:36,13:51,HD06,hd,HD06_OFF,HD06_O2.csv,light,run4,0,9,5,405
2026-07-13,13:36,13:51,AS05,as,AS05_OFF,AS05_O2.csv,light,run4,0,10,5,405
2026-07-13,13:36,13:51,BLANK2_RUN4,blank,BLANK2_RUN4_PI,BLANK2_RUN4_O2.csv,light,run4,1,11,5,405
2026-07-13,13:36,13:51,DS02,ds,DS02_OFF,DS02_O2.csv,light,run4,0,12,5,405
2026-07-13,13:54,14:09,GS06,gs,GS06_OFF,GS06_O2.csv,light,run4,0,1,6,515
2026-07-13,13:54,14:09,AV07,av,AV07_OFF,AV07_O2.csv,light,run4,0,2,6,515
2026-07-13,13:54,14:09,DS01,ds,DS01_OFF,DS01_O2.csv,light,run4,0,3,6,515
2026-07-13,13:54,14:09,AV06,av,AV06_OFF,AV06_O2.csv,light,run4,0,4,6,515
2026-07-13,13:54,14:09,BLANK1_RUN4,blank,BLANK1_RUN4_PI,BLANK1_RUN4_O2.csv,light,run4,1,5,6,515
2026-07-13,13:54,14:09,GS05,gs,GS05_OFF,GS05_O2.csv,light,run4,0,6,6,515
2026-07-13,13:54,14:09,DS03,ds,DS03_OFF,DS03_O2.csv,light,run4,0,7,6,515
2026-07-13,13:54,14:09,AS06,as,AS06_OFF,AS06_O2.csv,light,run4,0,8,6,515
2026-07-13,13:54,14:09,HD06,hd,HD06_OFF,HD06_O2.csv,light,run4,0,9,6,515
2026-07-13,13:54,14:09,AS05,as,AS05_OFF,AS05_O2.csv,light,run4,0,10,6,515
2026-07-13,13:54,14:09,BLANK2_RUN4,blank,BLANK2_RUN4_PI,BLANK2_RUN4_O2.csv,light,run4,1,11,6,515
2026-07-13,13:54,14:09,DS02,ds,DS02_OFF,DS02_O2.csv,light,run4,0,12,6,515
2026-07-13,14:12,14:27,GS06,gs,GS06_OFF,GS06_O2.csv,light,run4,0,1,7,595
2026-07-13,14:12,14:27,AV07,av,AV07_OFF,AV07_O2.csv,light,run4,0,2,7,595
2026-07-13,14:12,14:27,DS01,ds,DS01_OFF,DS01_O2.csv,light,run4,0,3,7,595
2026-07-13,14:12,14:27,AV06,av,AV06_OFF,AV06_O2.csv,light,run4,0,4,7,595
2026-07-13,14:12,14:27,BLANK1_RUN4,blank,BLANK1_RUN4_PI,BLANK1_RUN4_O2.csv,light,run4,1,5,7,595
2026-07-13,14:12,14:27,GS05,gs,GS05_OFF,GS05_O2.csv,light,run4,0,6,7,595
2026-07-13,14:12,14:27,DS03,ds,DS03_OFF,DS03_O2.csv,light,run4,0,7,7,595
2026-07-13,14:12,14:27,AS06,as,AS06_OFF,AS06_O2.csv,light,run4,0,8,7,595
2026-07-13,14:12,14:27,HD06,hd,HD06_OFF,HD06_O2.csv,light,run4,0,9,7,595
2026-07-13,14:12,14:27,AS05,as,AS05_OFF,AS05_O2.csv,light,run4,0,10,7,595
2026-07-13,14:12,14:27,BLANK2_RUN4,blank,BLANK2_RUN4_PI,BLANK2_RUN4_O2.csv,light,run4,1,11,7,595
2026-07-13,14:12,14:27,DS02,ds,DS02_OFF,DS02_O2.csv,light,run4,0,12,7,595
2026-07-13,14:31,14:46,GS06,gs,GS06_OFF,GS06_O2.csv,light,run4,0,1,8,700
2026-07-13,14:31,14:46,AV07,av,AV07_OFF,AV07_O2.csv,light,run4,0,2,8,700
2026-07-13,14:31,14:46,DS01,ds,DS01_OFF,DS01_O2.csv,light,run4,0,3,8,700
2026-07-13,14:31,14:46,AV06,av,AV06_OFF,AV06_O2.csv,light,run4,0,4,8,700
2026-07-13,14:31,14:46,BLANK1_RUN4,blank,BLANK1_RUN4_PI,BLANK1_RUN4_O2.csv,light,run4,1,5,8,700
2026-07-13,14:31,14:46,GS05,gs,GS05_OFF,GS05_O2.csv,light,run4,0,6,8,700
2026-07-13,14:31,14:46,DS03,ds,DS03_OFF,DS03_O2.csv,light,run4,0,7,8,700
2026-07-13,14:31,14:46,AS06,as,AS06_OFF,AS06_O2.csv,light,run4,0,8,8,700
2026-07-13,14:31,14:46,HD06,hd,HD06_OFF,HD06_O2.csv,light,run4,0,9,8,700
2026-07-13,14:31,14:46,AS05,as,AS05_OFF,AS05_O2.csv,light,run4,0,10,8,700
2026-07-13,14:31,14:46,BLANK2_RUN4,blank,BLANK2_RUN4_PI,BLANK2_RUN4_O2.csv,light,run4,1,11,8,700
2026-07-13,14:31,14:46,DS02,ds,DS02_OFF,DS02_O2.csv,light,run4,0,12,8,700
2026-07-13,14:48,15:03,GS06,gs,GS06_OFF,GS06_O2.csv,light,run4,0,1,9,795
2026-07-13,14:48,15:03,AV07,av,AV07_OFF,AV07_O2.csv,light,run4,0,2,9,795
2026-07-13,14:48,15:03,DS01,ds,DS01_OFF,DS01_O2.csv,light,run4,0,3,9,795
2026-07-13,14:48,15:03,AV06,av,AV06_OFF,AV06_O2.csv,light,run4,0,4,9,795
2026-07-13,14:48,15:03,BLANK1_RUN4,blank,BLANK1_RUN4_PI,BLANK1_RUN4_O2.csv,light,run4,1,5,9,795
2026-07-13,14:48,15:03,GS05,gs,GS05_OFF,GS05_O2.csv,light,run4,0,6,9,795
2026-07-13,14:48,15:03,DS03,ds,DS03_OFF,DS03_O2.csv,light,run4,0,7,9,795
2026-07-13,14:48,15:03,AS06,as,AS06_OFF,AS06_O2.csv,light,run4,0,8,9,795
2026-07-13,14:48,15:03,HD06,hd,HD06_OFF,HD06_O2.csv,light,run4,0,9,9,795
2026-07-13,14:48,15:03,AS05,as,AS05_OFF,AS05_O2.csv,light,run4,0,10,9,795
2026-07-13,14:48,15:03,BLANK2_RUN4,blank,BLANK2_RUN4_PI,BLANK2_RUN4_O2.csv,light,run4,1,11,9,795
2026-07-13,14:48,15:03,DS02,ds,DS02_OFF,DS02_O2.csv,light,run4,0,12,9,795
2026-07-13,15:08,15:24,GS06,gs,GS06_OFF,GS06_O2.csv,light,run4,0,1,10,900
2026-07-13,15:08,15:24,AV07,av,AV07_OFF,AV07_O2.csv,light,run4,0,2,10,900
2026-07-13,15:08,15:24,DS01,ds,DS01_OFF,DS01_O2.csv,light,run4,0,3,10,900
2026-07-13,15:08,15:24,AV06,av,AV06_OFF,AV06_O2.csv,light,run4,0,4,10,900
2026-07-13,15:08,15:24,BLANK1_RUN4,blank,BLANK1_RUN4_PI,BLANK1_RUN4_O2.csv,light,run4,1,5,10,900
2026-07-13,15:08,15:24,GS05,gs,GS05_OFF,GS05_O2.csv,light,run4,0,6,10,900
2026-07-13,15:08,15:24,DS03,ds,DS03_OFF,DS03_O2.csv,light,run4,0,7,10,900
2026-07-13,15:08,15:24,AS06,as,AS06_OFF,AS06_O2.csv,light,run4,0,8,10,900
2026-07-13,15:08,15:24,HD06,hd,HD06_OFF,HD06_O2.csv,light,run4,0,9,10,900
2026-07-13,15:08,15:24,AS05,as,AS05_OFF,AS05_O2.csv,light,run4,0,10,10,900
2026-07-13,15:08,15:24,BLANK2_RUN4,blank,BLANK2_RUN4_PI,BLANK2_RUN4_O2.csv,light,run4,1,11,10,900
2026-07-13,15:08,15:24,DS02,ds,DS02_OFF,DS02_O2.csv,light,run4,0,12,10,900
2026-07-14,10:57,11:12,AS07,as,AS07_OFF,AS07_O2.csv,dark,run5,0,1,1,0
2026-07-14,10:57,11:12,BLANK1_RUN5,blank,BLANK1_RUN5_PI,BLANK1_RUN5_O2.csv,dark,run5,1,2,1,0
2026-07-14,10:57,11:12,DS06,ds,DS06_OFF,DS06_O2.csv,dark,run5,0,3,1,0
2026-07-14,10:57,11:12,SF06,sf,SF06_IN,SF06_O2.csv,dark,run5,0,4,1,0
2026-07-14,10:57,11:12,AV08,av,AV08_OFF,AV08_O2.csv,dark,run5,0,5,1,0
2026-07-14,10:57,11:12,GS07,gs,GS07_OFF,GS07_O2.csv,dark,run5,0,6,1,0
2026-07-14,10:57,11:12,BLANK2_RUN5,blank,BLANK2_RUN5_PI,BLANK2_RUN5_O2.csv,dark,run5,1,7,1,0
2026-07-14,10:57,11:12,DS04,ds,DS04_IN,DS04_O2.csv,dark,run5,0,8,1,0
2026-07-14,10:57,11:12,SF08,sf,SF08_OFF,SF08_O2.csv,dark,run5,0,9,1,0
2026-07-14,10:57,11:12,DS05,ds,DS05_OFF,DS05_O2.csv,dark,run5,0,10,1,0
2026-07-14,10:57,11:12,HD07,hd,HD07_IN,HD07_O2.csv,dark,run5,0,11,1,0
2026-07-14,10:57,11:12,SF07,sf,SF07_OFF,SF07_O2.csv,dark,run5,0,12,1,0
2026-07-14,11:14,11:29,AS07,as,AS07_OFF,AS07_O2.csv,light,run5,0,1,2,100
2026-07-14,11:14,11:29,BLANK1_RUN5,blank,BLANK1_RUN5_PI,BLANK1_RUN5_O2.csv,light,run5,1,2,2,100
2026-07-14,11:14,11:29,DS06,ds,DS06_OFF,DS06_O2.csv,light,run5,0,3,2,100
2026-07-14,11:14,11:29,SF06,sf,SF06_IN,SF06_O2.csv,light,run5,0,4,2,100
2026-07-14,11:14,11:29,AV08,av,AV08_OFF,AV08_O2.csv,light,run5,0,5,2,100
2026-07-14,11:14,11:29,GS07,gs,GS07_OFF,GS07_O2.csv,light,run5,0,6,2,100
2026-07-14,11:14,11:29,BLANK2_RUN5,blank,BLANK2_RUN5_PI,BLANK2_RUN5_O2.csv,light,run5,1,7,2,100
2026-07-14,11:14,11:29,DS04,ds,DS04_IN,DS04_O2.csv,light,run5,0,8,2,100
2026-07-14,11:14,11:29,SF08,sf,SF08_OFF,SF08_O2.csv,light,run5,0,9,2,100
2026-07-14,11:14,11:29,DS05,ds,DS05_OFF,DS05_O2.csv,light,run5,0,10,2,100
2026-07-14,11:14,11:29,HD07,hd,HD07_IN,HD07_O2.csv,light,run5,0,11,2,100
2026-07-14,11:14,11:29,SF07,sf,SF07_OFF,SF07_O2.csv,light,run5,0,12,2,100
2026-07-14,11:31,11:46,AS07,as,AS07_OFF,AS07_O2.csv,light,run5,0,1,3,202
2026-07-14,11:31,11:46,BLANK1_RUN5,blank,BLANK1_RUN5_PI,BLANK1_RUN5_O2.csv,light,run5,1,2,3,202
2026-07-14,11:31,11:46,DS06,ds,DS06_OFF,DS06_O2.csv,light,run5,0,3,3,202
2026-07-14,11:31,11:46,SF06,sf,SF06_IN,SF06_O2.csv,light,run5,0,4,3,202
2026-07-14,11:31,11:46,AV08,av,AV08_OFF,AV08_O2.csv,light,run5,0,5,3,202
2026-07-14,11:31,11:46,GS07,gs,GS07_OFF,GS07_O2.csv,light,run5,0,6,3,202
2026-07-14,11:31,11:46,BLANK2_RUN5,blank,BLANK2_RUN5_PI,BLANK2_RUN5_O2.csv,light,run5,1,7,3,202
2026-07-14,11:31,11:46,DS04,ds,DS04_IN,DS04_O2.csv,light,run5,0,8,3,202
2026-07-14,11:31,11:46,SF08,sf,SF08_OFF,SF08_O2.csv,light,run5,0,9,3,202
2026-07-14,11:31,11:46,DS05,ds,DS05_OFF,DS05_O2.csv,light,run5,0,10,3,202
2026-07-14,11:31,11:46,HD07,hd,HD07_IN,HD07_O2.csv,light,run5,0,11,3,202
2026-07-14,11:31,11:46,SF07,sf,SF07_OFF,SF07_O2.csv,light,run5,0,12,3,202
2026-07-14,11:49,12:04,AS07,as,AS07_OFF,AS07_O2.csv,light,run5,0,1,4,305
2026-07-14,11:49,12:04,BLANK1_RUN5,blank,BLANK1_RUN5_PI,BLANK1_RUN5_O2.csv,light,run5,1,2,4,305
2026-07-14,11:49,12:04,DS06,ds,DS06_OFF,DS06_O2.csv,light,run5,0,3,4,305
2026-07-14,11:49,12:04,SF06,sf,SF06_IN,SF06_O2.csv,light,run5,0,4,4,305
2026-07-14,11:49,12:04,AV08,av,AV08_OFF,AV08_O2.csv,light,run5,0,5,4,305
2026-07-14,11:49,12:04,GS07,gs,GS07_OFF,GS07_O2.csv,light,run5,0,6,4,305
2026-07-14,11:49,12:04,BLANK2_RUN5,blank,BLANK2_RUN5_PI,BLANK2_RUN5_O2.csv,light,run5,1,7,4,305
2026-07-14,11:49,12:04,DS04,ds,DS04_IN,DS04_O2.csv,light,run5,0,8,4,305
2026-07-14,11:49,12:04,SF08,sf,SF08_OFF,SF08_O2.csv,light,run5,0,9,4,305
2026-07-14,11:49,12:04,DS05,ds,DS05_OFF,DS05_O2.csv,light,run5,0,10,4,305
2026-07-14,11:49,12:04,HD07,hd,HD07_IN,HD07_O2.csv,light,run5,0,11,4,305
2026-07-14,11:49,12:04,SF07,sf,SF07_OFF,SF07_O2.csv,light,run5,0,12,4,305
2026-07-14,12:07,12:22,AS07,as,AS07_OFF,AS07_O2.csv,light,run5,0,1,5,410
2026-07-14,12:07,12:22,BLANK1_RUN5,blank,BLANK1_RUN5_PI,BLANK1_RUN5_O2.csv,light,run5,1,2,5,410
2026-07-14,12:07,12:22,DS06,ds,DS06_OFF,DS06_O2.csv,light,run5,0,3,5,410
2026-07-14,12:07,12:22,SF06,sf,SF06_IN,SF06_O2.csv,light,run5,0,4,5,410
2026-07-14,12:07,12:22,AV08,av,AV08_OFF,AV08_O2.csv,light,run5,0,5,5,410
2026-07-14,12:07,12:22,GS07,gs,GS07_OFF,GS07_O2.csv,light,run5,0,6,5,410
2026-07-14,12:07,12:22,BLANK2_RUN5,blank,BLANK2_RUN5_PI,BLANK2_RUN5_O2.csv,light,run5,1,7,5,410
2026-07-14,12:07,12:22,DS04,ds,DS04_IN,DS04_O2.csv,light,run5,0,8,5,410
2026-07-14,12:07,12:22,SF08,sf,SF08_OFF,SF08_O2.csv,light,run5,0,9,5,410
2026-07-14,12:07,12:22,DS05,ds,DS05_OFF,DS05_O2.csv,light,run5,0,10,5,410
2026-07-14,12:07,12:22,HD07,hd,HD07_IN,HD07_O2.csv,light,run5,0,11,5,410
2026-07-14,12:07,12:22,SF07,sf,SF07_OFF,SF07_O2.csv,light,run5,0,12,5,410
2026-07-14,12:25,12:40,AS07,as,AS07_OFF,AS07_O2.csv,light,run5,0,1,6,495
2026-07-14,12:25,12:40,BLANK1_RUN5,blank,BLANK1_RUN5_PI,BLANK1_RUN5_O2.csv,light,run5,1,2,6,495
2026-07-14,12:25,12:40,DS06,ds,DS06_OFF,DS06_O2.csv,light,run5,0,3,6,495
2026-07-14,12:25,12:40,SF06,sf,SF06_IN,SF06_O2.csv,light,run5,0,4,6,495
2026-07-14,12:25,12:40,AV08,av,AV08_OFF,AV08_O2.csv,light,run5,0,5,6,495
2026-07-14,12:25,12:40,GS07,gs,GS07_OFF,GS07_O2.csv,light,run5,0,6,6,495
2026-07-14,12:25,12:40,BLANK2_RUN5,blank,BLANK2_RUN5_PI,BLANK2_RUN5_O2.csv,light,run5,1,7,6,495
2026-07-14,12:25,12:40,DS04,ds,DS04_IN,DS04_O2.csv,light,run5,0,8,6,495
2026-07-14,12:25,12:40,SF08,sf,SF08_OFF,SF08_O2.csv,light,run5,0,9,6,495
2026-07-14,12:25,12:40,DS05,ds,DS05_OFF,DS05_O2.csv,light,run5,0,10,6,495
2026-07-14,12:25,12:40,HD07,hd,HD07_IN,HD07_O2.csv,light,run5,0,11,6,495
2026-07-14,12:25,12:40,SF07,sf,SF07_OFF,SF07_O2.csv,light,run5,0,12,6,495
2026-07-14,12:42,12:57,AS07,as,AS07_OFF,AS07_O2.csv,light,run5,0,1,7,605
2026-07-14,12:42,12:57,BLANK1_RUN5,blank,BLANK1_RUN5_PI,BLANK1_RUN5_O2.csv,light,run5,1,2,7,605
2026-07-14,12:42,12:57,DS06,ds,DS06_OFF,DS06_O2.csv,light,run5,0,3,7,605
2026-07-14,12:42,12:57,SF06,sf,SF06_IN,SF06_O2.csv,light,run5,0,4,7,605
2026-07-14,12:42,12:57,AV08,av,AV08_OFF,AV08_O2.csv,light,run5,0,5,7,605
2026-07-14,12:42,12:57,GS07,gs,GS07_OFF,GS07_O2.csv,light,run5,0,6,7,605
2026-07-14,12:42,12:57,BLANK2_RUN5,blank,BLANK2_RUN5_PI,BLANK2_RUN5_O2.csv,light,run5,1,7,7,605
2026-07-14,12:42,12:57,DS04,ds,DS04_IN,DS04_O2.csv,light,run5,0,8,7,605
2026-07-14,12:42,12:57,SF08,sf,SF08_OFF,SF08_O2.csv,light,run5,0,9,7,605
2026-07-14,12:42,12:57,DS05,ds,DS05_OFF,DS05_O2.csv,light,run5,0,10,7,605
2026-07-14,12:42,12:57,HD07,hd,HD07_IN,HD07_O2.csv,light,run5,0,11,7,605
2026-07-14,12:42,12:57,SF07,sf,SF07_OFF,SF07_O2.csv,light,run5,0,12,7,605
2026-07-14,13:01,13:16,AS07,as,AS07_OFF,AS07_O2.csv,light,run5,0,1,8,695
2026-07-14,13:01,13:16,BLANK1_RUN5,blank,BLANK1_RUN5_PI,BLANK1_RUN5_O2.csv,light,run5,1,2,8,695
2026-07-14,13:01,13:16,DS06,ds,DS06_OFF,DS06_O2.csv,light,run5,0,3,8,695
2026-07-14,13:01,13:16,SF06,sf,SF06_IN,SF06_O2.csv,light,run5,0,4,8,695
2026-07-14,13:01,13:16,AV08,av,AV08_OFF,AV08_O2.csv,light,run5,0,5,8,695
2026-07-14,13:01,13:16,GS07,gs,GS07_OFF,GS07_O2.csv,light,run5,0,6,8,695
2026-07-14,13:01,13:16,BLANK2_RUN5,blank,BLANK2_RUN5_PI,BLANK2_RUN5_O2.csv,light,run5,1,7,8,695
2026-07-14,13:01,13:16,DS04,ds,DS04_IN,DS04_O2.csv,light,run5,0,8,8,695
2026-07-14,13:01,13:16,SF08,sf,SF08_OFF,SF08_O2.csv,light,run5,0,9,8,695
2026-07-14,13:01,13:16,DS05,ds,DS05_OFF,DS05_O2.csv,light,run5,0,10,8,695
2026-07-14,13:01,13:16,HD07,hd,HD07_IN,HD07_O2.csv,light,run5,0,11,8,695
2026-07-14,13:01,13:16,SF07,sf,SF07_OFF,SF07_O2.csv,light,run5,0,12,8,695
2026-07-14,13:21,13:36,AS07,as,AS07_OFF,AS07_O2.csv,light,run5,0,1,9,790
2026-07-14,13:21,13:36,BLANK1_RUN5,blank,BLANK1_RUN5_PI,BLANK1_RUN5_O2.csv,light,run5,1,2,9,790
2026-07-14,13:21,13:36,DS06,ds,DS06_OFF,DS06_O2.csv,light,run5,0,3,9,790
2026-07-14,13:21,13:36,SF06,sf,SF06_IN,SF06_O2.csv,light,run5,0,4,9,790
2026-07-14,13:21,13:36,AV08,av,AV08_OFF,AV08_O2.csv,light,run5,0,5,9,790
2026-07-14,13:21,13:36,GS07,gs,GS07_OFF,GS07_O2.csv,light,run5,0,6,9,790
2026-07-14,13:21,13:36,BLANK2_RUN5,blank,BLANK2_RUN5_PI,BLANK2_RUN5_O2.csv,light,run5,1,7,9,790
2026-07-14,13:21,13:36,DS04,ds,DS04_IN,DS04_O2.csv,light,run5,0,8,9,790
2026-07-14,13:21,13:36,SF08,sf,SF08_OFF,SF08_O2.csv,light,run5,0,9,9,790
2026-07-14,13:21,13:36,DS05,ds,DS05_OFF,DS05_O2.csv,light,run5,0,10,9,790
2026-07-14,13:21,13:36,HD07,hd,HD07_IN,HD07_O2.csv,light,run5,0,11,9,790
2026-07-14,13:21,13:36,SF07,sf,SF07_OFF,SF07_O2.csv,light,run5,0,12,9,790
2026-07-14,13:41,13:56,AS07,as,AS07_OFF,AS07_O2.csv,light,run5,0,1,10,892
2026-07-14,13:41,13:56,BLANK1_RUN5,blank,BLANK1_RUN5_PI,BLANK1_RUN5_O2.csv,light,run5,1,2,10,892
2026-07-14,13:41,13:56,DS06,ds,DS06_OFF,DS06_O2.csv,light,run5,0,3,10,892
2026-07-14,13:41,13:56,SF06,sf,SF06_IN,SF06_O2.csv,light,run5,0,4,10,892
2026-07-14,13:41,13:56,AV08,av,AV08_OFF,AV08_O2.csv,light,run5,0,5,10,892
2026-07-14,13:41,13:56,GS07,gs,GS07_OFF,GS07_O2.csv,light,run5,0,6,10,892
2026-07-14,13:41,13:56,BLANK2_RUN5,blank,BLANK2_RUN5_PI,BLANK2_RUN5_O2.csv,light,run5,1,7,10,892
2026-07-14,13:41,13:56,DS04,ds,DS04_IN,DS04_O2.csv,light,run5,0,8,10,892
2026-07-14,13:41,13:56,SF08,sf,SF08_OFF,SF08_O2.csv,light,run5,0,9,10,892
2026-07-14,13:41,13:56,DS05,ds,DS05_OFF,DS05_O2.csv,light,run5,0,10,10,892
2026-07-14,13:41,13:56,HD07,hd,HD07_IN,HD07_O2.csv,light,run5,0,11,10,892
2026-07-14,13:41,13:56,SF07,sf,SF07_OFF,SF07_O2.csv,light,run5,0,12,10,892
2026-07-15,10:44,10:59,AS08,as,AS08_OFF,AS08_O2.csv,dark,run6,0,1,1,0
2026-07-15,10:44,10:59,HD09,hd,HD09_OFF,HD09_O2.csv,dark,run6,0,2,1,0
2026-07-15,10:44,10:59,DC01,dc,DC01_OFF,DC01_O2.csv,dark,run6,0,3,1,0
2026-07-15,10:44,10:59,HD08,hd,HD08_OFF,HD08_O2.csv,dark,run6,0,4,1,0
2026-07-15,10:44,10:59,DA06,da,DA06_IN,DA06_O2.csv,dark,run6,0,5,1,0
2026-07-15,10:44,10:59,BLANK1_RUN6,blank,BLANK1_RUN6_PI,BLANK1_RUN6_O2.csv,dark,run6,1,6,1,0
2026-07-15,10:44,10:59,DS07,ds,DS07_OFF,DS07_O2.csv,dark,run6,0,7,1,0
2026-07-15,10:44,10:59,BLANK2_RUN6,blank,BLANK2_RUN6_PI,BLANK2_RUN6_O2.csv,dark,run6,1,8,1,0
2026-07-15,10:44,10:59,AV09,av,AV09_IN,AV09_O2.csv,dark,run6,0,9,1,0
2026-07-15,10:44,10:59,SF09,sf,SF09_IN,SF09_O2.csv,dark,run6,0,10,1,0
2026-07-15,10:44,10:59,GS08,gs,GS08_IN,GS08_O2.csv,dark,run6,0,11,1,0
2026-07-15,10:44,10:59,GS09,gs,GS09_OFF,GS09_O2.csv,dark,run6,0,12,1,0
2026-07-15,11:01,11:16,AS08,as,AS08_OFF,AS08_O2.csv,light,run6,0,1,2,100
2026-07-15,11:01,11:16,HD09,hd,HD09_OFF,HD09_O2.csv,light,run6,0,2,2,100
2026-07-15,11:01,11:16,DC01,dc,DC01_OFF,DC01_O2.csv,light,run6,0,3,2,100
2026-07-15,11:01,11:16,HD08,hd,HD08_OFF,HD08_O2.csv,light,run6,0,4,2,100
2026-07-15,11:01,11:16,DA06,da,DA06_IN,DA06_O2.csv,light,run6,0,5,2,100
2026-07-15,11:01,11:16,BLANK1_RUN6,blank,BLANK1_RUN6_PI,BLANK1_RUN6_O2.csv,light,run6,1,6,2,100
2026-07-15,11:01,11:16,DS07,ds,DS07_OFF,DS07_O2.csv,light,run6,0,7,2,100
2026-07-15,11:01,11:16,BLANK2_RUN6,blank,BLANK2_RUN6_PI,BLANK2_RUN6_O2.csv,light,run6,1,8,2,100
2026-07-15,11:01,11:16,AV09,av,AV09_IN,AV09_O2.csv,light,run6,0,9,2,100
2026-07-15,11:01,11:16,SF09,sf,SF09_IN,SF09_O2.csv,light,run6,0,10,2,100
2026-07-15,11:01,11:16,GS08,gs,GS08_IN,GS08_O2.csv,light,run6,0,11,2,100
2026-07-15,11:01,11:16,GS09,gs,GS09_OFF,GS09_O2.csv,light,run6,0,12,2,100
2026-07-15,11:18,11:33,AS08,as,AS08_OFF,AS08_O2.csv,light,run6,0,1,3,200
2026-07-15,11:18,11:33,HD09,hd,HD09_OFF,HD09_O2.csv,light,run6,0,2,3,200
2026-07-15,11:18,11:33,DC01,dc,DC01_OFF,DC01_O2.csv,light,run6,0,3,3,200
2026-07-15,11:18,11:33,HD08,hd,HD08_OFF,HD08_O2.csv,light,run6,0,4,3,200
2026-07-15,11:18,11:33,DA06,da,DA06_IN,DA06_O2.csv,light,run6,0,5,3,200
2026-07-15,11:18,11:33,BLANK1_RUN6,blank,BLANK1_RUN6_PI,BLANK1_RUN6_O2.csv,light,run6,1,6,3,200
2026-07-15,11:18,11:33,DS07,ds,DS07_OFF,DS07_O2.csv,light,run6,0,7,3,200
2026-07-15,11:18,11:33,BLANK2_RUN6,blank,BLANK2_RUN6_PI,BLANK2_RUN6_O2.csv,light,run6,1,8,3,200
2026-07-15,11:18,11:33,AV09,av,AV09_IN,AV09_O2.csv,light,run6,0,9,3,200
2026-07-15,11:18,11:33,SF09,sf,SF09_IN,SF09_O2.csv,light,run6,0,10,3,200
2026-07-15,11:18,11:33,GS08,gs,GS08_IN,GS08_O2.csv,light,run6,0,11,3,200
2026-07-15,11:18,11:33,GS09,gs,GS09_OFF,GS09_O2.csv,light,run6,0,12,3,200
2026-07-15,11:36,11:51,AS08,as,AS08_OFF,AS08_O2.csv,light,run6,0,1,4,305
2026-07-15,11:36,11:51,HD09,hd,HD09_OFF,HD09_O2.csv,light,run6,0,2,4,305
2026-07-15,11:36,11:51,DC01,dc,DC01_OFF,DC01_O2.csv,light,run6,0,3,4,305
2026-07-15,11:36,11:51,HD08,hd,HD08_OFF,HD08_O2.csv,light,run6,0,4,4,305
2026-07-15,11:36,11:51,DA06,da,DA06_IN,DA06_O2.csv,light,run6,0,5,4,305
2026-07-15,11:36,11:51,BLANK1_RUN6,blank,BLANK1_RUN6_PI,BLANK1_RUN6_O2.csv,light,run6,1,6,4,305
2026-07-15,11:36,11:51,DS07,ds,DS07_OFF,DS07_O2.csv,light,run6,0,7,4,305
2026-07-15,11:36,11:51,BLANK2_RUN6,blank,BLANK2_RUN6_PI,BLANK2_RUN6_O2.csv,light,run6,1,8,4,305
2026-07-15,11:36,11:51,AV09,av,AV09_IN,AV09_O2.csv,light,run6,0,9,4,305
2026-07-15,11:36,11:51,SF09,sf,SF09_IN,SF09_O2.csv,light,run6,0,10,4,305
2026-07-15,11:36,11:51,GS08,gs,GS08_IN,GS08_O2.csv,light,run6,0,11,4,305
2026-07-15,11:36,11:51,GS09,gs,GS09_OFF,GS09_O2.csv,light,run6,0,12,4,305
2026-07-15,11:54,12:09,AS08,as,AS08_OFF,AS08_O2.csv,light,run6,0,1,5,410
2026-07-15,11:54,12:09,HD09,hd,HD09_OFF,HD09_O2.csv,light,run6,0,2,5,410
2026-07-15,11:54,12:09,DC01,dc,DC01_OFF,DC01_O2.csv,light,run6,0,3,5,410
2026-07-15,11:54,12:09,HD08,hd,HD08_OFF,HD08_O2.csv,light,run6,0,4,5,410
2026-07-15,11:54,12:09,DA06,da,DA06_IN,DA06_O2.csv,light,run6,0,5,5,410
2026-07-15,11:54,12:09,BLANK1_RUN6,blank,BLANK1_RUN6_PI,BLANK1_RUN6_O2.csv,light,run6,1,6,5,410
2026-07-15,11:54,12:09,DS07,ds,DS07_OFF,DS07_O2.csv,light,run6,0,7,5,410
2026-07-15,11:54,12:09,BLANK2_RUN6,blank,BLANK2_RUN6_PI,BLANK2_RUN6_O2.csv,light,run6,1,8,5,410
2026-07-15,11:54,12:09,AV09,av,AV09_IN,AV09_O2.csv,light,run6,0,9,5,410
2026-07-15,11:54,12:09,SF09,sf,SF09_IN,SF09_O2.csv,light,run6,0,10,5,410
2026-07-15,11:54,12:09,GS08,gs,GS08_IN,GS08_O2.csv,light,run6,0,11,5,410
2026-07-15,11:54,12:09,GS09,gs,GS09_OFF,GS09_O2.csv,light,run6,0,12,5,410
2026-07-15,12:13,12:28,AS08,as,AS08_OFF,AS08_O2.csv,light,run6,0,1,6,495
2026-07-15,12:13,12:28,HD09,hd,HD09_OFF,HD09_O2.csv,light,run6,0,2,6,495
2026-07-15,12:13,12:28,DC01,dc,DC01_OFF,DC01_O2.csv,light,run6,0,3,6,495
2026-07-15,12:13,12:28,HD08,hd,HD08_OFF,HD08_O2.csv,light,run6,0,4,6,495
2026-07-15,12:13,12:28,DA06,da,DA06_IN,DA06_O2.csv,light,run6,0,5,6,495
2026-07-15,12:13,12:28,BLANK1_RUN6,blank,BLANK1_RUN6_PI,BLANK1_RUN6_O2.csv,light,run6,1,6,6,495
2026-07-15,12:13,12:28,DS07,ds,DS07_OFF,DS07_O2.csv,light,run6,0,7,6,495
2026-07-15,12:13,12:28,BLANK2_RUN6,blank,BLANK2_RUN6_PI,BLANK2_RUN6_O2.csv,light,run6,1,8,6,495
2026-07-15,12:13,12:28,AV09,av,AV09_IN,AV09_O2.csv,light,run6,0,9,6,495
2026-07-15,12:13,12:28,SF09,sf,SF09_IN,SF09_O2.csv,light,run6,0,10,6,495
2026-07-15,12:13,12:28,GS08,gs,GS08_IN,GS08_O2.csv,light,run6,0,11,6,495
2026-07-15,12:13,12:28,GS09,gs,GS09_OFF,GS09_O2.csv,light,run6,0,12,6,495
2026-07-15,12:32,12:47,AS08,as,AS08_OFF,AS08_O2.csv,light,run6,0,1,7,595
2026-07-15,12:32,12:47,HD09,hd,HD09_OFF,HD09_O2.csv,light,run6,0,2,7,595
2026-07-15,12:32,12:47,DC01,dc,DC01_OFF,DC01_O2.csv,light,run6,0,3,7,595
2026-07-15,12:32,12:47,HD08,hd,HD08_OFF,HD08_O2.csv,light,run6,0,4,7,595
2026-07-15,12:32,12:47,DA06,da,DA06_IN,DA06_O2.csv,light,run6,0,5,7,595
2026-07-15,12:32,12:47,BLANK1_RUN6,blank,BLANK1_RUN6_PI,BLANK1_RUN6_O2.csv,light,run6,1,6,7,595
2026-07-15,12:32,12:47,DS07,ds,DS07_OFF,DS07_O2.csv,light,run6,0,7,7,595
2026-07-15,12:32,12:47,BLANK2_RUN6,blank,BLANK2_RUN6_PI,BLANK2_RUN6_O2.csv,light,run6,1,8,7,595
2026-07-15,12:32,12:47,AV09,av,AV09_IN,AV09_O2.csv,light,run6,0,9,7,595
2026-07-15,12:32,12:47,SF09,sf,SF09_IN,SF09_O2.csv,light,run6,0,10,7,595
2026-07-15,12:32,12:47,GS08,gs,GS08_IN,GS08_O2.csv,light,run6,0,11,7,595
2026-07-15,12:32,12:47,GS09,gs,GS09_OFF,GS09_O2.csv,light,run6,0,12,7,595
2026-07-15,12:50,13:05,AS08,as,AS08_OFF,AS08_O2.csv,light,run6,0,1,8,690
2026-07-15,12:50,13:05,HD09,hd,HD09_OFF,HD09_O2.csv,light,run6,0,2,8,690
2026-07-15,12:50,13:05,DC01,dc,DC01_OFF,DC01_O2.csv,light,run6,0,3,8,690
2026-07-15,12:50,13:05,HD08,hd,HD08_OFF,HD08_O2.csv,light,run6,0,4,8,690
2026-07-15,12:50,13:05,DA06,da,DA06_IN,DA06_O2.csv,light,run6,0,5,8,690
2026-07-15,12:50,13:05,BLANK1_RUN6,blank,BLANK1_RUN6_PI,BLANK1_RUN6_O2.csv,light,run6,1,6,8,690
2026-07-15,12:50,13:05,DS07,ds,DS07_OFF,DS07_O2.csv,light,run6,0,7,8,690
2026-07-15,12:50,13:05,BLANK2_RUN6,blank,BLANK2_RUN6_PI,BLANK2_RUN6_O2.csv,light,run6,1,8,8,690
2026-07-15,12:50,13:05,AV09,av,AV09_IN,AV09_O2.csv,light,run6,0,9,8,690
2026-07-15,12:50,13:05,SF09,sf,SF09_IN,SF09_O2.csv,light,run6,0,10,8,690
2026-07-15,12:50,13:05,GS08,gs,GS08_IN,GS08_O2.csv,light,run6,0,11,8,690
2026-07-15,12:50,13:05,GS09,gs,GS09_OFF,GS09_O2.csv,light,run6,0,12,8,690
2026-07-15,13:08,13:23,AS08,as,AS08_OFF,AS08_O2.csv,light,run6,0,1,9,795
2026-07-15,13:08,13:23,HD09,hd,HD09_OFF,HD09_O2.csv,light,run6,0,2,9,795
2026-07-15,13:08,13:23,DC01,dc,DC01_OFF,DC01_O2.csv,light,run6,0,3,9,795
2026-07-15,13:08,13:23,HD08,hd,HD08_OFF,HD08_O2.csv,light,run6,0,4,9,795
2026-07-15,13:08,13:23,DA06,da,DA06_IN,DA06_O2.csv,light,run6,0,5,9,795
2026-07-15,13:08,13:23,BLANK1_RUN6,blank,BLANK1_RUN6_PI,BLANK1_RUN6_O2.csv,light,run6,1,6,9,795
2026-07-15,13:08,13:23,DS07,ds,DS07_OFF,DS07_O2.csv,light,run6,0,7,9,795
2026-07-15,13:08,13:23,BLANK2_RUN6,blank,BLANK2_RUN6_PI,BLANK2_RUN6_O2.csv,light,run6,1,8,9,795
2026-07-15,13:08,13:23,AV09,av,AV09_IN,AV09_O2.csv,light,run6,0,9,9,795
2026-07-15,13:08,13:23,SF09,sf,SF09_IN,SF09_O2.csv,light,run6,0,10,9,795
2026-07-15,13:08,13:23,GS08,gs,GS08_IN,GS08_O2.csv,light,run6,0,11,9,795
2026-07-15,13:08,13:23,GS09,gs,GS09_OFF,GS09_O2.csv,light,run6,0,12,9,795
2026-07-15,13:26,13:41,AS08,as,AS08_OFF,AS08_O2.csv,light,run6,0,1,10,890
2026-07-15,13:26,13:41,HD09,hd,HD09_OFF,HD09_O2.csv,light,run6,0,2,10,890
2026-07-15,13:26,13:41,DC01,dc,DC01_OFF,DC01_O2.csv,light,run6,0,3,10,890
2026-07-15,13:26,13:41,HD08,hd,HD08_OFF,HD08_O2.csv,light,run6,0,4,10,890
2026-07-15,13:26,13:41,DA06,da,DA06_IN,DA06_O2.csv,light,run6,0,5,10,890
2026-07-15,13:26,13:41,BLANK1_RUN6,blank,BLANK1_RUN6_PI,BLANK1_RUN6_O2.csv,light,run6,1,6,10,890
2026-07-15,13:26,13:41,DS07,ds,DS07_OFF,DS07_O2.csv,light,run6,0,7,10,890
2026-07-15,13:26,13:41,BLANK2_RUN6,blank,BLANK2_RUN6_PI,BLANK2_RUN6_O2.csv,light,run6,1,8,10,890
2026-07-15,13:26,13:41,AV09,av,AV09_IN,AV09_O2.csv,light,run6,0,9,10,890
2026-07-15,13:26,13:41,SF09,sf,SF09_IN,SF09_O2.csv,light,run6,0,10,10,890
2026-07-15,13:26,13:41,GS08,gs,GS08_IN,GS08_O2.csv,light,run6,0,11,10,890
2026-07-15,13:26,13:41,GS09,gs,GS09_OFF,GS09_O2.csv,light,run6,0,12,10,890
2026-07-16,11:00,11:15,HD11,hd,HD11_OFF,HD11_O2.csv,dark,run7,0,1,1,0
2026-07-16,11:00,11:15,DC03,dc,DC03_OFF,DC03_O2.csv,dark,run7,0,2,1,0
2026-07-16,11:00,11:15,BLANK1_RUN7,blank,BLANK1_RUN7_PI,BLANK1_RUN7_O2.csv,dark,run7,1,3,1,0
2026-07-16,11:00,11:15,DA07,da,DA07_IN,DA07_O2.csv,dark,run7,0,4,1,0
2026-07-16,11:00,11:15,AV11,av,AV11_OFF,AV11_O2.csv,dark,run7,0,5,1,0
2026-07-16,11:00,11:15,AS10,as,AS10_OFF,AS10_O2.csv,dark,run7,0,6,1,0
2026-07-16,11:00,11:15,DC02,dc,DC02_OFF,DC02_O2.csv,dark,run7,0,7,1,0
2026-07-16,11:00,11:15,AS09,as,AS09_IN,AS09_O2.csv,dark,run7,0,8,1,0
2026-07-16,11:00,11:15,AV10,av,AV10_IN,AV10_O2.csv,dark,run7,0,9,1,0
2026-07-16,11:00,11:15,BLANK2_RUN7,blank,BLANK2_RUN7_PI,BLANK2_RUN7_O2.csv,dark,run7,1,10,1,0
2026-07-16,11:00,11:15,SF10,sf,SF10_IN,SF10_O2.csv,dark,run7,0,11,1,0
2026-07-16,11:00,11:15,HD10,hd,HD10_IN,HD10_O2.csv,dark,run7,0,12,1,0
2026-07-16,11:16,11:31,HD11,hd,HD11_OFF,HD11_O2.csv,light,run7,0,1,2,102
2026-07-16,11:16,11:31,DC03,dc,DC03_OFF,DC03_O2.csv,light,run7,0,2,2,102
2026-07-16,11:16,11:31,BLANK1_RUN7,blank,BLANK1_RUN7_PI,BLANK1_RUN7_O2.csv,light,run7,1,3,2,102
2026-07-16,11:16,11:31,DA07,da,DA07_IN,DA07_O2.csv,light,run7,0,4,2,102
2026-07-16,11:16,11:31,AV11,av,AV11_OFF,AV11_O2.csv,light,run7,0,5,2,102
2026-07-16,11:16,11:31,AS10,as,AS10_OFF,AS10_O2.csv,light,run7,0,6,2,102
2026-07-16,11:16,11:31,DC02,dc,DC02_OFF,DC02_O2.csv,light,run7,0,7,2,102
2026-07-16,11:16,11:31,AS09,as,AS09_IN,AS09_O2.csv,light,run7,0,8,2,102
2026-07-16,11:16,11:31,AV10,av,AV10_IN,AV10_O2.csv,light,run7,0,9,2,102
2026-07-16,11:16,11:31,BLANK2_RUN7,blank,BLANK2_RUN7_PI,BLANK2_RUN7_O2.csv,light,run7,1,10,2,102
2026-07-16,11:16,11:31,SF10,sf,SF10_IN,SF10_O2.csv,light,run7,0,11,2,102
2026-07-16,11:16,11:31,HD10,hd,HD10_IN,HD10_O2.csv,light,run7,0,12,2,102
2026-07-16,11:33,11:48,HD11,hd,HD11_OFF,HD11_O2.csv,light,run7,0,1,3,195
2026-07-16,11:33,11:48,DC03,dc,DC03_OFF,DC03_O2.csv,light,run7,0,2,3,195
2026-07-16,11:33,11:48,BLANK1_RUN7,blank,BLANK1_RUN7_PI,BLANK1_RUN7_O2.csv,light,run7,1,3,3,195
2026-07-16,11:33,11:48,DA07,da,DA07_IN,DA07_O2.csv,light,run7,0,4,3,195
2026-07-16,11:33,11:48,AV11,av,AV11_OFF,AV11_O2.csv,light,run7,0,5,3,195
2026-07-16,11:33,11:48,AS10,as,AS10_OFF,AS10_O2.csv,light,run7,0,6,3,195
2026-07-16,11:33,11:48,DC02,dc,DC02_OFF,DC02_O2.csv,light,run7,0,7,3,195
2026-07-16,11:33,11:48,AS09,as,AS09_IN,AS09_O2.csv,light,run7,0,8,3,195
2026-07-16,11:33,11:48,AV10,av,AV10_IN,AV10_O2.csv,light,run7,0,9,3,195
2026-07-16,11:33,11:48,BLANK2_RUN7,blank,BLANK2_RUN7_PI,BLANK2_RUN7_O2.csv,light,run7,1,10,3,195
2026-07-16,11:33,11:48,SF10,sf,SF10_IN,SF10_O2.csv,light,run7,0,11,3,195
2026-07-16,11:33,11:48,HD10,hd,HD10_IN,HD10_O2.csv,light,run7,0,12,3,195
2026-07-16,11:51,12:05,HD11,hd,HD11_OFF,HD11_O2.csv,light,run7,0,1,4,305
2026-07-16,11:51,12:05,DC03,dc,DC03_OFF,DC03_O2.csv,light,run7,0,2,4,305
2026-07-16,11:51,12:05,BLANK1_RUN7,blank,BLANK1_RUN7_PI,BLANK1_RUN7_O2.csv,light,run7,1,3,4,305
2026-07-16,11:51,12:05,DA07,da,DA07_IN,DA07_O2.csv,light,run7,0,4,4,305
2026-07-16,11:51,12:05,AV11,av,AV11_OFF,AV11_O2.csv,light,run7,0,5,4,305
2026-07-16,11:51,12:05,AS10,as,AS10_OFF,AS10_O2.csv,light,run7,0,6,4,305
2026-07-16,11:51,12:05,DC02,dc,DC02_OFF,DC02_O2.csv,light,run7,0,7,4,305
2026-07-16,11:51,12:05,AS09,as,AS09_IN,AS09_O2.csv,light,run7,0,8,4,305
2026-07-16,11:51,12:05,AV10,av,AV10_IN,AV10_O2.csv,light,run7,0,9,4,305
2026-07-16,11:51,12:05,BLANK2_RUN7,blank,BLANK2_RUN7_PI,BLANK2_RUN7_O2.csv,light,run7,1,10,4,305
2026-07-16,11:51,12:05,SF10,sf,SF10_IN,SF10_O2.csv,light,run7,0,11,4,305
2026-07-16,11:51,12:05,HD10,hd,HD10_IN,HD10_O2.csv,light,run7,0,12,4,305
2026-07-16,12:09,12:24,HD11,hd,HD11_OFF,HD11_O2.csv,light,run7,0,1,5,415
2026-07-16,12:09,12:24,DC03,dc,DC03_OFF,DC03_O2.csv,light,run7,0,2,5,415
2026-07-16,12:09,12:24,BLANK1_RUN7,blank,BLANK1_RUN7_PI,BLANK1_RUN7_O2.csv,light,run7,1,3,5,415
2026-07-16,12:09,12:24,DA07,da,DA07_IN,DA07_O2.csv,light,run7,0,4,5,415
2026-07-16,12:09,12:24,AV11,av,AV11_OFF,AV11_O2.csv,light,run7,0,5,5,415
2026-07-16,12:09,12:24,AS10,as,AS10_OFF,AS10_O2.csv,light,run7,0,6,5,415
2026-07-16,12:09,12:24,DC02,dc,DC02_OFF,DC02_O2.csv,light,run7,0,7,5,415
2026-07-16,12:09,12:24,AS09,as,AS09_IN,AS09_O2.csv,light,run7,0,8,5,415
2026-07-16,12:09,12:24,AV10,av,AV10_IN,AV10_O2.csv,light,run7,0,9,5,415
2026-07-16,12:09,12:24,BLANK2_RUN7,blank,BLANK2_RUN7_PI,BLANK2_RUN7_O2.csv,light,run7,1,10,5,415
2026-07-16,12:09,12:24,SF10,sf,SF10_IN,SF10_O2.csv,light,run7,0,11,5,415
2026-07-16,12:09,12:24,HD10,hd,HD10_IN,HD10_O2.csv,light,run7,0,12,5,415
2026-07-16,12:27,12:42,HD11,hd,HD11_OFF,HD11_O2.csv,light,run7,0,1,6,495
2026-07-16,12:27,12:42,DC03,dc,DC03_OFF,DC03_O2.csv,light,run7,0,2,6,495
2026-07-16,12:27,12:42,BLANK1_RUN7,blank,BLANK1_RUN7_PI,BLANK1_RUN7_O2.csv,light,run7,1,3,6,495
2026-07-16,12:27,12:42,DA07,da,DA07_IN,DA07_O2.csv,light,run7,0,4,6,495
2026-07-16,12:27,12:42,AV11,av,AV11_OFF,AV11_O2.csv,light,run7,0,5,6,495
2026-07-16,12:27,12:42,AS10,as,AS10_OFF,AS10_O2.csv,light,run7,0,6,6,495
2026-07-16,12:27,12:42,DC02,dc,DC02_OFF,DC02_O2.csv,light,run7,0,7,6,495
2026-07-16,12:27,12:42,AS09,as,AS09_IN,AS09_O2.csv,light,run7,0,8,6,495
2026-07-16,12:27,12:42,AV10,av,AV10_IN,AV10_O2.csv,light,run7,0,9,6,495
2026-07-16,12:27,12:42,BLANK2_RUN7,blank,BLANK2_RUN7_PI,BLANK2_RUN7_O2.csv,light,run7,1,10,6,495
2026-07-16,12:27,12:42,SF10,sf,SF10_IN,SF10_O2.csv,light,run7,0,11,6,495
2026-07-16,12:27,12:42,HD10,hd,HD10_IN,HD10_O2.csv,light,run7,0,12,6,495
2026-07-16,12:47,13:02,HD11,hd,HD11_OFF,HD11_O2.csv,light,run7,0,1,7,600
2026-07-16,12:47,13:02,DC03,dc,DC03_OFF,DC03_O2.csv,light,run7,0,2,7,600
2026-07-16,12:47,13:02,BLANK1_RUN7,blank,BLANK1_RUN7_PI,BLANK1_RUN7_O2.csv,light,run7,1,3,7,600
2026-07-16,12:47,13:02,DA07,da,DA07_IN,DA07_O2.csv,light,run7,0,4,7,600
2026-07-16,12:47,13:02,AV11,av,AV11_OFF,AV11_O2.csv,light,run7,0,5,7,600
2026-07-16,12:47,13:02,AS10,as,AS10_OFF,AS10_O2.csv,light,run7,0,6,7,600
2026-07-16,12:47,13:02,DC02,dc,DC02_OFF,DC02_O2.csv,light,run7,0,7,7,600
2026-07-16,12:47,13:02,AS09,as,AS09_IN,AS09_O2.csv,light,run7,0,8,7,600
2026-07-16,12:47,13:02,AV10,av,AV10_IN,AV10_O2.csv,light,run7,0,9,7,600
2026-07-16,12:47,13:02,BLANK2_RUN7,blank,BLANK2_RUN7_PI,BLANK2_RUN7_O2.csv,light,run7,1,10,7,600
2026-07-16,12:47,13:02,SF10,sf,SF10_IN,SF10_O2.csv,light,run7,0,11,7,600
2026-07-16,12:47,13:02,HD10,hd,HD10_IN,HD10_O2.csv,light,run7,0,12,7,600
2026-07-16,13:06,13:21,HD11,hd,HD11_OFF,HD11_O2.csv,light,run7,0,1,8,698
2026-07-16,13:06,13:21,DC03,dc,DC03_OFF,DC03_O2.csv,light,run7,0,2,8,698
2026-07-16,13:06,13:21,BLANK1_RUN7,blank,BLANK1_RUN7_PI,BLANK1_RUN7_O2.csv,light,run7,1,3,8,698
2026-07-16,13:06,13:21,DA07,da,DA07_IN,DA07_O2.csv,light,run7,0,4,8,698
2026-07-16,13:06,13:21,AV11,av,AV11_OFF,AV11_O2.csv,light,run7,0,5,8,698
2026-07-16,13:06,13:21,AS10,as,AS10_OFF,AS10_O2.csv,light,run7,0,6,8,698
2026-07-16,13:06,13:21,DC02,dc,DC02_OFF,DC02_O2.csv,light,run7,0,7,8,698
2026-07-16,13:06,13:21,AS09,as,AS09_IN,AS09_O2.csv,light,run7,0,8,8,698
2026-07-16,13:06,13:21,AV10,av,AV10_IN,AV10_O2.csv,light,run7,0,9,8,698
2026-07-16,13:06,13:21,BLANK2_RUN7,blank,BLANK2_RUN7_PI,BLANK2_RUN7_O2.csv,light,run7,1,10,8,698
2026-07-16,13:06,13:21,SF10,sf,SF10_IN,SF10_O2.csv,light,run7,0,11,8,698
2026-07-16,13:06,13:21,HD10,hd,HD10_IN,HD10_O2.csv,light,run7,0,12,8,698
2026-07-16,13:26,13:41,HD11,hd,HD11_OFF,HD11_O2.csv,light,run7,0,1,9,800
2026-07-16,13:26,13:41,DC03,dc,DC03_OFF,DC03_O2.csv,light,run7,0,2,9,800
2026-07-16,13:26,13:41,BLANK1_RUN7,blank,BLANK1_RUN7_PI,BLANK1_RUN7_O2.csv,light,run7,1,3,9,800
2026-07-16,13:26,13:41,DA07,da,DA07_IN,DA07_O2.csv,light,run7,0,4,9,800
2026-07-16,13:26,13:41,AV11,av,AV11_OFF,AV11_O2.csv,light,run7,0,5,9,800
2026-07-16,13:26,13:41,AS10,as,AS10_OFF,AS10_O2.csv,light,run7,0,6,9,800
2026-07-16,13:26,13:41,DC02,dc,DC02_OFF,DC02_O2.csv,light,run7,0,7,9,800
2026-07-16,13:26,13:41,AS09,as,AS09_IN,AS09_O2.csv,light,run7,0,8,9,800
2026-07-16,13:26,13:41,AV10,av,AV10_IN,AV10_O2.csv,light,run7,0,9,9,800
2026-07-16,13:26,13:41,BLANK2_RUN7,blank,BLANK2_RUN7_PI,BLANK2_RUN7_O2.csv,light,run7,1,10,9,800
2026-07-16,13:26,13:41,SF10,sf,SF10_IN,SF10_O2.csv,light,run7,0,11,9,800
2026-07-16,13:26,13:41,HD10,hd,HD10_IN,HD10_O2.csv,light,run7,0,12,9,800
2026-07-16,13:44,13:59,HD11,hd,HD11_OFF,HD11_O2.csv,light,run7,0,1,10,915
2026-07-16,13:44,13:59,DC03,dc,DC03_OFF,DC03_O2.csv,light,run7,0,2,10,915
2026-07-16,13:44,13:59,BLANK1_RUN7,blank,BLANK1_RUN7_PI,BLANK1_RUN7_O2.csv,light,run7,1,3,10,915
2026-07-16,13:44,13:59,DA07,da,DA07_IN,DA07_O2.csv,light,run7,0,4,10,915
2026-07-16,13:44,13:59,AV11,av,AV11_OFF,AV11_O2.csv,light,run7,0,5,10,915
2026-07-16,13:44,13:59,AS10,as,AS10_OFF,AS10_O2.csv,light,run7,0,6,10,915
2026-07-16,13:44,13:59,DC02,dc,DC02_OFF,DC02_O2.csv,light,run7,0,7,10,915
2026-07-16,13:44,13:59,AS09,as,AS09_IN,AS09_O2.csv,light,run7,0,8,10,915
2026-07-16,13:44,13:59,AV10,av,AV10_IN,AV10_O2.csv,light,run7,0,9,10,915
2026-07-16,13:44,13:59,BLANK2_RUN7,blank,BLANK2_RUN7_PI,BLANK2_RUN7_O2.csv,light,run7,1,10,10,915
2026-07-16,13:44,13:59,SF10,sf,SF10_IN,SF10_O2.csv,light,run7,0,11,10,915
2026-07-16,13:44,13:59,HD10,hd,HD10_IN,HD10_O2.csv,light,run7,0,12,10,915
2026-07-20,11:11,11:27,GS10,gs,GS10_OFF,GS10_O2.csv,dark,run8,0,1,1,0
2026-07-20,11:11,11:27,DA08,da,DA08_IN,DA08_O2.csv,dark,run8,0,2,1,0
2026-07-20,11:11,11:27,AS11,as,AS11_IN,AS11_O2.csv,dark,run8,0,3,1,0
2026-07-20,11:11,11:27,GS11,gs,GS11_OFF,GS11_O2.csv,dark,run8,0,4,1,0
2026-07-20,11:11,11:27,SF11,sf,SF11_IN,SF11_O2.csv,dark,run8,0,5,1,0
2026-07-20,11:11,11:27,BLANK1_RUN8,blank,BLANK1_RUN8_PI,BLANK1_RUN8_O2.csv,dark,run8,1,6,1,0
2026-07-20,11:11,11:27,DC05,dc,DC05_OFF,DC05_O2.csv,dark,run8,0,7,1,0
2026-07-20,11:11,11:27,DS08,ds,DS08_OFF,DS08_O2.csv,dark,run8,0,8,1,0
2026-07-20,11:11,11:27,DC04,dc,DC04_OFF,DC04_O2.csv,dark,run8,0,9,1,0
2026-07-20,11:11,11:27,HD12,hd,HD12_IN,HD12_O2.csv,dark,run8,0,10,1,0
2026-07-20,11:11,11:27,AV12,av,AV12_OFF,AV12_O2.csv,dark,run8,0,11,1,0
2026-07-20,11:11,11:27,BLANK2_RUN8,blank,BLANK2_RUN8_PI,BLANK2_RUN8_O2.csv,dark,run8,1,12,1,0
2026-07-20,11:29,11:44,GS10,gs,GS10_OFF,GS10_O2.csv,light,run8,0,1,2,102
2026-07-20,11:29,11:44,DA08,da,DA08_IN,DA08_O2.csv,light,run8,0,2,2,102
2026-07-20,11:29,11:44,AS11,as,AS11_IN,AS11_O2.csv,light,run8,0,3,2,102
2026-07-20,11:29,11:44,GS11,gs,GS11_OFF,GS11_O2.csv,light,run8,0,4,2,102
2026-07-20,11:29,11:44,SF11,sf,SF11_IN,SF11_O2.csv,light,run8,0,5,2,102
2026-07-20,11:29,11:44,BLANK1_RUN8,blank,BLANK1_RUN8_PI,BLANK1_RUN8_O2.csv,light,run8,1,6,2,102
2026-07-20,11:29,11:44,DC05,dc,DC05_OFF,DC05_O2.csv,light,run8,0,7,2,102
2026-07-20,11:29,11:44,DS08,ds,DS08_OFF,DS08_O2.csv,light,run8,0,8,2,102
2026-07-20,11:29,11:44,DC04,dc,DC04_OFF,DC04_O2.csv,light,run8,0,9,2,102
2026-07-20,11:29,11:44,HD12,hd,HD12_IN,HD12_O2.csv,light,run8,0,10,2,102
2026-07-20,11:29,11:44,AV12,av,AV12_OFF,AV12_O2.csv,light,run8,0,11,2,102
2026-07-20,11:29,11:44,BLANK2_RUN8,blank,BLANK2_RUN8_PI,BLANK2_RUN8_O2.csv,light,run8,1,12,2,102
2026-07-20,11:46,12:01,GS10,gs,GS10_OFF,GS10_O2.csv,light,run8,0,1,3,195
2026-07-20,11:46,12:01,DA08,da,DA08_IN,DA08_O2.csv,light,run8,0,2,3,195
2026-07-20,11:46,12:01,AS11,as,AS11_IN,AS11_O2.csv,light,run8,0,3,3,195
2026-07-20,11:46,12:01,GS11,gs,GS11_OFF,GS11_O2.csv,light,run8,0,4,3,195
2026-07-20,11:46,12:01,SF11,sf,SF11_IN,SF11_O2.csv,light,run8,0,5,3,195
2026-07-20,11:46,12:01,BLANK1_RUN8,blank,BLANK1_RUN8_PI,BLANK1_RUN8_O2.csv,light,run8,1,6,3,195
2026-07-20,11:46,12:01,DC05,dc,DC05_OFF,DC05_O2.csv,light,run8,0,7,3,195
2026-07-20,11:46,12:01,DS08,ds,DS08_OFF,DS08_O2.csv,light,run8,0,8,3,195
2026-07-20,11:46,12:01,DC04,dc,DC04_OFF,DC04_O2.csv,light,run8,0,9,3,195
2026-07-20,11:46,12:01,HD12,hd,HD12_IN,HD12_O2.csv,light,run8,0,10,3,195
2026-07-20,11:46,12:01,AV12,av,AV12_OFF,AV12_O2.csv,light,run8,0,11,3,195
2026-07-20,11:46,12:01,BLANK2_RUN8,blank,BLANK2_RUN8_PI,BLANK2_RUN8_O2.csv,light,run8,1,12,3,195
2026-07-20,12:03,12:18,GS10,gs,GS10_OFF,GS10_O2.csv,light,run8,0,1,4,305
2026-07-20,12:03,12:18,DA08,da,DA08_IN,DA08_O2.csv,light,run8,0,2,4,305
2026-07-20,12:03,12:18,AS11,as,AS11_IN,AS11_O2.csv,light,run8,0,3,4,305
2026-07-20,12:03,12:18,GS11,gs,GS11_OFF,GS11_O2.csv,light,run8,0,4,4,305
2026-07-20,12:03,12:18,SF11,sf,SF11_IN,SF11_O2.csv,light,run8,0,5,4,305
2026-07-20,12:03,12:18,BLANK1_RUN8,blank,BLANK1_RUN8_PI,BLANK1_RUN8_O2.csv,light,run8,1,6,4,305
2026-07-20,12:03,12:18,DC05,dc,DC05_OFF,DC05_O2.csv,light,run8,0,7,4,305
2026-07-20,12:03,12:18,DS08,ds,DS08_OFF,DS08_O2.csv,light,run8,0,8,4,305
2026-07-20,12:03,12:18,DC04,dc,DC04_OFF,DC04_O2.csv,light,run8,0,9,4,305
2026-07-20,12:03,12:18,HD12,hd,HD12_IN,HD12_O2.csv,light,run8,0,10,4,305
2026-07-20,12:03,12:18,AV12,av,AV12_OFF,AV12_O2.csv,light,run8,0,11,4,305
2026-07-20,12:03,12:18,BLANK2_RUN8,blank,BLANK2_RUN8_PI,BLANK2_RUN8_O2.csv,light,run8,1,12,4,305
2026-07-20,12:22,12:37,GS10,gs,GS10_OFF,GS10_O2.csv,light,run8,0,1,5,410
2026-07-20,12:22,12:37,DA08,da,DA08_IN,DA08_O2.csv,light,run8,0,2,5,410
2026-07-20,12:22,12:37,AS11,as,AS11_IN,AS11_O2.csv,light,run8,0,3,5,410
2026-07-20,12:22,12:37,GS11,gs,GS11_OFF,GS11_O2.csv,light,run8,0,4,5,410
2026-07-20,12:22,12:37,SF11,sf,SF11_IN,SF11_O2.csv,light,run8,0,5,5,410
2026-07-20,12:22,12:37,BLANK1_RUN8,blank,BLANK1_RUN8_PI,BLANK1_RUN8_O2.csv,light,run8,1,6,5,410
2026-07-20,12:22,12:37,DC05,dc,DC05_OFF,DC05_O2.csv,light,run8,0,7,5,410
2026-07-20,12:22,12:37,DS08,ds,DS08_OFF,DS08_O2.csv,light,run8,0,8,5,410
2026-07-20,12:22,12:37,DC04,dc,DC04_OFF,DC04_O2.csv,light,run8,0,9,5,410
2026-07-20,12:22,12:37,HD12,hd,HD12_IN,HD12_O2.csv,light,run8,0,10,5,410
2026-07-20,12:22,12:37,AV12,av,AV12_OFF,AV12_O2.csv,light,run8,0,11,5,410
2026-07-20,12:22,12:37,BLANK2_RUN8,blank,BLANK2_RUN8_PI,BLANK2_RUN8_O2.csv,light,run8,1,12,5,410
2026-07-20,12:40,12:55,GS10,gs,GS10_OFF,GS10_O2.csv,light,run8,0,1,6,500
2026-07-20,12:40,12:55,DA08,da,DA08_IN,DA08_O2.csv,light,run8,0,2,6,500
2026-07-20,12:40,12:55,AS11,as,AS11_IN,AS11_O2.csv,light,run8,0,3,6,500
2026-07-20,12:40,12:55,GS11,gs,GS11_OFF,GS11_O2.csv,light,run8,0,4,6,500
2026-07-20,12:40,12:55,SF11,sf,SF11_IN,SF11_O2.csv,light,run8,0,5,6,500
2026-07-20,12:40,12:55,BLANK1_RUN8,blank,BLANK1_RUN8_PI,BLANK1_RUN8_O2.csv,light,run8,1,6,6,500
2026-07-20,12:40,12:55,DC05,dc,DC05_OFF,DC05_O2.csv,light,run8,0,7,6,500
2026-07-20,12:40,12:55,DS08,ds,DS08_OFF,DS08_O2.csv,light,run8,0,8,6,500
2026-07-20,12:40,12:55,DC04,dc,DC04_OFF,DC04_O2.csv,light,run8,0,9,6,500
2026-07-20,12:40,12:55,HD12,hd,HD12_IN,HD12_O2.csv,light,run8,0,10,6,500
2026-07-20,12:40,12:55,AV12,av,AV12_OFF,AV12_O2.csv,light,run8,0,11,6,500
2026-07-20,12:40,12:55,BLANK2_RUN8,blank,BLANK2_RUN8_PI,BLANK2_RUN8_O2.csv,light,run8,1,12,6,500
2026-07-20,12:58,13:13,GS10,gs,GS10_OFF,GS10_O2.csv,light,run8,0,1,7,605
2026-07-20,12:58,13:13,DA08,da,DA08_IN,DA08_O2.csv,light,run8,0,2,7,605
2026-07-20,12:58,13:13,AS11,as,AS11_IN,AS11_O2.csv,light,run8,0,3,7,605
2026-07-20,12:58,13:13,GS11,gs,GS11_OFF,GS11_O2.csv,light,run8,0,4,7,605
2026-07-20,12:58,13:13,SF11,sf,SF11_IN,SF11_O2.csv,light,run8,0,5,7,605
2026-07-20,12:58,13:13,BLANK1_RUN8,blank,BLANK1_RUN8_PI,BLANK1_RUN8_O2.csv,light,run8,1,6,7,605
2026-07-20,12:58,13:13,DC05,dc,DC05_OFF,DC05_O2.csv,light,run8,0,7,7,605
2026-07-20,12:58,13:13,DS08,ds,DS08_OFF,DS08_O2.csv,light,run8,0,8,7,605
2026-07-20,12:58,13:13,DC04,dc,DC04_OFF,DC04_O2.csv,light,run8,0,9,7,605
2026-07-20,12:58,13:13,HD12,hd,HD12_IN,HD12_O2.csv,light,run8,0,10,7,605
2026-07-20,12:58,13:13,AV12,av,AV12_OFF,AV12_O2.csv,light,run8,0,11,7,605
2026-07-20,12:58,13:13,BLANK2_RUN8,blank,BLANK2_RUN8_PI,BLANK2_RUN8_O2.csv,light,run8,1,12,7,605
2026-07-20,13:15,13:30,GS10,gs,GS10_OFF,GS10_O2.csv,light,run8,0,1,8,698
2026-07-20,13:15,13:30,DA08,da,DA08_IN,DA08_O2.csv,light,run8,0,2,8,698
2026-07-20,13:15,13:30,AS11,as,AS11_IN,AS11_O2.csv,light,run8,0,3,8,698
2026-07-20,13:15,13:30,GS11,gs,GS11_OFF,GS11_O2.csv,light,run8,0,4,8,698
2026-07-20,13:15,13:30,SF11,sf,SF11_IN,SF11_O2.csv,light,run8,0,5,8,698
2026-07-20,13:15,13:30,BLANK1_RUN8,blank,BLANK1_RUN8_PI,BLANK1_RUN8_O2.csv,light,run8,1,6,8,698
2026-07-20,13:15,13:30,DC05,dc,DC05_OFF,DC05_O2.csv,light,run8,0,7,8,698
2026-07-20,13:15,13:30,DS08,ds,DS08_OFF,DS08_O2.csv,light,run8,0,8,8,698
2026-07-20,13:15,13:30,DC04,dc,DC04_OFF,DC04_O2.csv,light,run8,0,9,8,698
2026-07-20,13:15,13:30,HD12,hd,HD12_IN,HD12_O2.csv,light,run8,0,10,8,698
2026-07-20,13:15,13:30,AV12,av,AV12_OFF,AV12_O2.csv,light,run8,0,11,8,698
2026-07-20,13:15,13:30,BLANK2_RUN8,blank,BLANK2_RUN8_PI,BLANK2_RUN8_O2.csv,light,run8,1,12,8,698
2026-07-20,13:33,13:48,GS10,gs,GS10_OFF,GS10_O2.csv,light,run8,0,1,9,805
2026-07-20,13:33,13:48,DA08,da,DA08_IN,DA08_O2.csv,light,run8,0,2,9,805
2026-07-20,13:33,13:48,AS11,as,AS11_IN,AS11_O2.csv,light,run8,0,3,9,805
2026-07-20,13:33,13:48,GS11,gs,GS11_OFF,GS11_O2.csv,light,run8,0,4,9,805
2026-07-20,13:33,13:48,SF11,sf,SF11_IN,SF11_O2.csv,light,run8,0,5,9,805
2026-07-20,13:33,13:48,BLANK1_RUN8,blank,BLANK1_RUN8_PI,BLANK1_RUN8_O2.csv,light,run8,1,6,9,805
2026-07-20,13:33,13:48,DC05,dc,DC05_OFF,DC05_O2.csv,light,run8,0,7,9,805
2026-07-20,13:33,13:48,DS08,ds,DS08_OFF,DS08_O2.csv,light,run8,0,8,9,805
2026-07-20,13:33,13:48,DC04,dc,DC04_OFF,DC04_O2.csv,light,run8,0,9,9,805
2026-07-20,13:33,13:48,HD12,hd,HD12_IN,HD12_O2.csv,light,run8,0,10,9,805
2026-07-20,13:33,13:48,AV12,av,AV12_OFF,AV12_O2.csv,light,run8,0,11,9,805
2026-07-20,13:33,13:48,BLANK2_RUN8,blank,BLANK2_RUN8_PI,BLANK2_RUN8_O2.csv,light,run8,1,12,9,805
2026-07-20,13:51,14:06,GS10,gs,GS10_OFF,GS10_O2.csv,light,run8,0,1,10,900
2026-07-20,13:51,14:06,DA08,da,DA08_IN,DA08_O2.csv,light,run8,0,2,10,900
2026-07-20,13:51,14:06,AS11,as,AS11_IN,AS11_O2.csv,light,run8,0,3,10,900
2026-07-20,13:51,14:06,GS11,gs,GS11_OFF,GS11_O2.csv,light,run8,0,4,10,900
2026-07-20,13:51,14:06,SF11,sf,SF11_IN,SF11_O2.csv,light,run8,0,5,10,900
2026-07-20,13:51,14:06,BLANK1_RUN8,blank,BLANK1_RUN8_PI,BLANK1_RUN8_O2.csv,light,run8,1,6,10,900
2026-07-20,13:51,14:06,DC05,dc,DC05_OFF,DC05_O2.csv,light,run8,0,7,10,900
2026-07-20,13:51,14:06,DS08,ds,DS08_OFF,DS08_O2.csv,light,run8,0,8,10,900
2026-07-20,13:51,14:06,DC04,dc,DC04_OFF,DC04_O2.csv,light,run8,0,9,10,900
2026-07-20,13:51,14:06,HD12,hd,HD12_IN,HD12_O2.csv,light,run8,0,10,10,900
2026-07-20,13:51,14:06,AV12,av,AV12_OFF,AV12_O2.csv,light,run8,0,11,10,900
2026-07-20,13:51,14:06,BLANK2_RUN8,blank,BLANK2_RUN8_PI,BLANK2_RUN8_O2.csv,light,run8,1,12,10,900
2026-07-21,10:23,10:38,HD14,hd,HD14_IN,HD14_O2.csv,dark,run9,0,1,1,0
2026-07-21,10:23,10:38,HD13,hd,HD13_OFF,HD13_O2.csv,dark,run9,0,2,1,0
2026-07-21,10:23,10:38,BLANK1_RUN9,blank,BLANK1_RUN9_PI,BLANK1_RUN9_O2.csv,dark,run9,1,3,1,0
2026-07-21,10:23,10:38,DC06,dc,DC06_OFF,DC06_O2.csv,dark,run9,0,4,1,0
2026-07-21,10:23,10:38,GS14,gs,GS14_IN,GS14_O2.csv,dark,run9,0,5,1,0
2026-07-21,10:23,10:38,AV13,av,AV13_IN,AV13_O2.csv,dark,run9,0,6,1,0
2026-07-21,10:23,10:38,GS13,gs,GS13_IN,GS13_O2.csv,dark,run9,0,7,1,0
2026-07-21,10:23,10:38,SF12,sf,SF12_IN,SF12_O2.csv,dark,run9,0,8,1,0
2026-07-21,10:23,10:38,BLANK2_RUN9,blank,BLANK2_RUN9_PI,BLANK2_RUN9_O2.csv,dark,run9,1,9,1,0
2026-07-21,10:23,10:38,DA09,da,DA09_IN,DA09_O2.csv,dark,run9,0,10,1,0
2026-07-21,10:23,10:38,GS12,gs,GS12_OFF,GS12_O2.csv,dark,run9,0,11,1,0
2026-07-21,10:23,10:38,AS12,as,AS12_OFF,AS12_O2.csv,dark,run9,0,12,1,0
2026-07-21,10:39,10:54,HD14,hd,HD14_IN,HD14_O2.csv,light,run9,0,1,2,100
2026-07-21,10:39,10:54,HD13,hd,HD13_OFF,HD13_O2.csv,light,run9,0,2,2,100
2026-07-21,10:39,10:54,BLANK1_RUN9,blank,BLANK1_RUN9_PI,BLANK1_RUN9_O2.csv,light,run9,1,3,2,100
2026-07-21,10:39,10:54,DC06,dc,DC06_OFF,DC06_O2.csv,light,run9,0,4,2,100
2026-07-21,10:39,10:54,GS14,gs,GS14_IN,GS14_O2.csv,light,run9,0,5,2,100
2026-07-21,10:39,10:54,AV13,av,AV13_IN,AV13_O2.csv,light,run9,0,6,2,100
2026-07-21,10:39,10:54,GS13,gs,GS13_IN,GS13_O2.csv,light,run9,0,7,2,100
2026-07-21,10:39,10:54,SF12,sf,SF12_IN,SF12_O2.csv,light,run9,0,8,2,100
2026-07-21,10:39,10:54,BLANK2_RUN9,blank,BLANK2_RUN9_PI,BLANK2_RUN9_O2.csv,light,run9,1,9,2,100
2026-07-21,10:39,10:54,DA09,da,DA09_IN,DA09_O2.csv,light,run9,0,10,2,100
2026-07-21,10:39,10:54,GS12,gs,GS12_OFF,GS12_O2.csv,light,run9,0,11,2,100
2026-07-21,10:39,10:54,AS12,as,AS12_OFF,AS12_O2.csv,light,run9,0,12,2,100
2026-07-21,10:56,11:11,HD14,hd,HD14_IN,HD14_O2.csv,light,run9,0,1,3,198
2026-07-21,10:56,11:11,HD13,hd,HD13_OFF,HD13_O2.csv,light,run9,0,2,3,198
2026-07-21,10:56,11:11,BLANK1_RUN9,blank,BLANK1_RUN9_PI,BLANK1_RUN9_O2.csv,light,run9,1,3,3,198
2026-07-21,10:56,11:11,DC06,dc,DC06_OFF,DC06_O2.csv,light,run9,0,4,3,198
2026-07-21,10:56,11:11,GS14,gs,GS14_IN,GS14_O2.csv,light,run9,0,5,3,198
2026-07-21,10:56,11:11,AV13,av,AV13_IN,AV13_O2.csv,light,run9,0,6,3,198
2026-07-21,10:56,11:11,GS13,gs,GS13_IN,GS13_O2.csv,light,run9,0,7,3,198
2026-07-21,10:56,11:11,SF12,sf,SF12_IN,SF12_O2.csv,light,run9,0,8,3,198
2026-07-21,10:56,11:11,BLANK2_RUN9,blank,BLANK2_RUN9_PI,BLANK2_RUN9_O2.csv,light,run9,1,9,3,198
2026-07-21,10:56,11:11,DA09,da,DA09_IN,DA09_O2.csv,light,run9,0,10,3,198
2026-07-21,10:56,11:11,GS12,gs,GS12_OFF,GS12_O2.csv,light,run9,0,11,3,198
2026-07-21,10:56,11:11,AS12,as,AS12_OFF,AS12_O2.csv,light,run9,0,12,3,198
2026-07-21,11:13,11:28,HD14,hd,HD14_IN,HD14_O2.csv,light,run9,0,1,4,300
2026-07-21,11:13,11:28,HD13,hd,HD13_OFF,HD13_O2.csv,light,run9,0,2,4,300
2026-07-21,11:13,11:28,BLANK1_RUN9,blank,BLANK1_RUN9_PI,BLANK1_RUN9_O2.csv,light,run9,1,3,4,300
2026-07-21,11:13,11:28,DC06,dc,DC06_OFF,DC06_O2.csv,light,run9,0,4,4,300
2026-07-21,11:13,11:28,GS14,gs,GS14_IN,GS14_O2.csv,light,run9,0,5,4,300
2026-07-21,11:13,11:28,AV13,av,AV13_IN,AV13_O2.csv,light,run9,0,6,4,300
2026-07-21,11:13,11:28,GS13,gs,GS13_IN,GS13_O2.csv,light,run9,0,7,4,300
2026-07-21,11:13,11:28,SF12,sf,SF12_IN,SF12_O2.csv,light,run9,0,8,4,300
2026-07-21,11:13,11:28,BLANK2_RUN9,blank,BLANK2_RUN9_PI,BLANK2_RUN9_O2.csv,light,run9,1,9,4,300
2026-07-21,11:13,11:28,DA09,da,DA09_IN,DA09_O2.csv,light,run9,0,10,4,300
2026-07-21,11:13,11:28,GS12,gs,GS12_OFF,GS12_O2.csv,light,run9,0,11,4,300
2026-07-21,11:13,11:28,AS12,as,AS12_OFF,AS12_O2.csv,light,run9,0,12,4,300
2026-07-21,11:31,11:46,HD14,hd,HD14_IN,HD14_O2.csv,light,run9,0,1,5,405
2026-07-21,11:31,11:46,HD13,hd,HD13_OFF,HD13_O2.csv,light,run9,0,2,5,405
2026-07-21,11:31,11:46,BLANK1_RUN9,blank,BLANK1_RUN9_PI,BLANK1_RUN9_O2.csv,light,run9,1,3,5,405
2026-07-21,11:31,11:46,DC06,dc,DC06_OFF,DC06_O2.csv,light,run9,0,4,5,405
2026-07-21,11:31,11:46,GS14,gs,GS14_IN,GS14_O2.csv,light,run9,0,5,5,405
2026-07-21,11:31,11:46,AV13,av,AV13_IN,AV13_O2.csv,light,run9,0,6,5,405
2026-07-21,11:31,11:46,GS13,gs,GS13_IN,GS13_O2.csv,light,run9,0,7,5,405
2026-07-21,11:31,11:46,SF12,sf,SF12_IN,SF12_O2.csv,light,run9,0,8,5,405
2026-07-21,11:31,11:46,BLANK2_RUN9,blank,BLANK2_RUN9_PI,BLANK2_RUN9_O2.csv,light,run9,1,9,5,405
2026-07-21,11:31,11:46,DA09,da,DA09_IN,DA09_O2.csv,light,run9,0,10,5,405
2026-07-21,11:31,11:46,GS12,gs,GS12_OFF,GS12_O2.csv,light,run9,0,11,5,405
2026-07-21,11:31,11:46,AS12,as,AS12_OFF,AS12_O2.csv,light,run9,0,12,5,405
2026-07-21,11:49,12:04,HD14,hd,HD14_IN,HD14_O2.csv,light,run9,0,1,6,497
2026-07-21,11:49,12:04,HD13,hd,HD13_OFF,HD13_O2.csv,light,run9,0,2,6,497
2026-07-21,11:49,12:04,BLANK1_RUN9,blank,BLANK1_RUN9_PI,BLANK1_RUN9_O2.csv,light,run9,1,3,6,497
2026-07-21,11:49,12:04,DC06,dc,DC06_OFF,DC06_O2.csv,light,run9,0,4,6,497
2026-07-21,11:49,12:04,GS14,gs,GS14_IN,GS14_O2.csv,light,run9,0,5,6,497
2026-07-21,11:49,12:04,AV13,av,AV13_IN,AV13_O2.csv,light,run9,0,6,6,497
2026-07-21,11:49,12:04,GS13,gs,GS13_IN,GS13_O2.csv,light,run9,0,7,6,497
2026-07-21,11:49,12:04,SF12,sf,SF12_IN,SF12_O2.csv,light,run9,0,8,6,497
2026-07-21,11:49,12:04,BLANK2_RUN9,blank,BLANK2_RUN9_PI,BLANK2_RUN9_O2.csv,light,run9,1,9,6,497
2026-07-21,11:49,12:04,DA09,da,DA09_IN,DA09_O2.csv,light,run9,0,10,6,497
2026-07-21,11:49,12:04,GS12,gs,GS12_OFF,GS12_O2.csv,light,run9,0,11,6,497
2026-07-21,11:49,12:04,AS12,as,AS12_OFF,AS12_O2.csv,light,run9,0,12,6,497
2026-07-21,12:07,12:22,HD14,hd,HD14_IN,HD14_O2.csv,light,run9,0,1,7,600
2026-07-21,12:07,12:22,HD13,hd,HD13_OFF,HD13_O2.csv,light,run9,0,2,7,600
2026-07-21,12:07,12:22,BLANK1_RUN9,blank,BLANK1_RUN9_PI,BLANK1_RUN9_O2.csv,light,run9,1,3,7,600
2026-07-21,12:07,12:22,DC06,dc,DC06_OFF,DC06_O2.csv,light,run9,0,4,7,600
2026-07-21,12:07,12:22,GS14,gs,GS14_IN,GS14_O2.csv,light,run9,0,5,7,600
2026-07-21,12:07,12:22,AV13,av,AV13_IN,AV13_O2.csv,light,run9,0,6,7,600
2026-07-21,12:07,12:22,GS13,gs,GS13_IN,GS13_O2.csv,light,run9,0,7,7,600
2026-07-21,12:07,12:22,SF12,sf,SF12_IN,SF12_O2.csv,light,run9,0,8,7,600
2026-07-21,12:07,12:22,BLANK2_RUN9,blank,BLANK2_RUN9_PI,BLANK2_RUN9_O2.csv,light,run9,1,9,7,600
2026-07-21,12:07,12:22,DA09,da,DA09_IN,DA09_O2.csv,light,run9,0,10,7,600
2026-07-21,12:07,12:22,GS12,gs,GS12_OFF,GS12_O2.csv,light,run9,0,11,7,600
2026-07-21,12:07,12:22,AS12,as,AS12_OFF,AS12_O2.csv,light,run9,0,12,7,600
2026-07-21,12:25,12:40,HD14,hd,HD14_IN,HD14_O2.csv,light,run9,0,1,8,705
2026-07-21,12:25,12:40,HD13,hd,HD13_OFF,HD13_O2.csv,light,run9,0,2,8,705
2026-07-21,12:25,12:40,BLANK1_RUN9,blank,BLANK1_RUN9_PI,BLANK1_RUN9_O2.csv,light,run9,1,3,8,705
2026-07-21,12:25,12:40,DC06,dc,DC06_OFF,DC06_O2.csv,light,run9,0,4,8,705
2026-07-21,12:25,12:40,GS14,gs,GS14_IN,GS14_O2.csv,light,run9,0,5,8,705
2026-07-21,12:25,12:40,AV13,av,AV13_IN,AV13_O2.csv,light,run9,0,6,8,705
2026-07-21,12:25,12:40,GS13,gs,GS13_IN,GS13_O2.csv,light,run9,0,7,8,705
2026-07-21,12:25,12:40,SF12,sf,SF12_IN,SF12_O2.csv,light,run9,0,8,8,705
2026-07-21,12:25,12:40,BLANK2_RUN9,blank,BLANK2_RUN9_PI,BLANK2_RUN9_O2.csv,light,run9,1,9,8,705
2026-07-21,12:25,12:40,DA09,da,DA09_IN,DA09_O2.csv,light,run9,0,10,8,705
2026-07-21,12:25,12:40,GS12,gs,GS12_OFF,GS12_O2.csv,light,run9,0,11,8,705
2026-07-21,12:25,12:40,AS12,as,AS12_OFF,AS12_O2.csv,light,run9,0,12,8,705
2026-07-21,12:45,13:00,HD14,hd,HD14_IN,HD14_O2.csv,light,run9,0,1,9,805
2026-07-21,12:45,13:00,HD13,hd,HD13_OFF,HD13_O2.csv,light,run9,0,2,9,805
2026-07-21,12:45,13:00,BLANK1_RUN9,blank,BLANK1_RUN9_PI,BLANK1_RUN9_O2.csv,light,run9,1,3,9,805
2026-07-21,12:45,13:00,DC06,dc,DC06_OFF,DC06_O2.csv,light,run9,0,4,9,805
2026-07-21,12:45,13:00,GS14,gs,GS14_IN,GS14_O2.csv,light,run9,0,5,9,805
2026-07-21,12:45,13:00,AV13,av,AV13_IN,AV13_O2.csv,light,run9,0,6,9,805
2026-07-21,12:45,13:00,GS13,gs,GS13_IN,GS13_O2.csv,light,run9,0,7,9,805
2026-07-21,12:45,13:00,SF12,sf,SF12_IN,SF12_O2.csv,light,run9,0,8,9,805
2026-07-21,12:45,13:00,BLANK2_RUN9,blank,BLANK2_RUN9_PI,BLANK2_RUN9_O2.csv,light,run9,1,9,9,805
2026-07-21,12:45,13:00,DA09,da,DA09_IN,DA09_O2.csv,light,run9,0,10,9,805
2026-07-21,12:45,13:00,GS12,gs,GS12_OFF,GS12_O2.csv,light,run9,0,11,9,805
2026-07-21,12:45,13:00,AS12,as,AS12_OFF,AS12_O2.csv,light,run9,0,12,9,805
2026-07-21,13:03,13:18,HD14,hd,HD14_IN,HD14_O2.csv,light,run9,0,1,10,900
2026-07-21,13:03,13:18,HD13,hd,HD13_OFF,HD13_O2.csv,light,run9,0,2,10,900
2026-07-21,13:03,13:18,BLANK1_RUN9,blank,BLANK1_RUN9_PI,BLANK1_RUN9_O2.csv,light,run9,1,3,10,900
2026-07-21,13:03,13:18,DC06,dc,DC06_OFF,DC06_O2.csv,light,run9,0,4,10,900
2026-07-21,13:03,13:18,GS14,gs,GS14_IN,GS14_O2.csv,light,run9,0,5,10,900
2026-07-21,13:03,13:18,AV13,av,AV13_IN,AV13_O2.csv,light,run9,0,6,10,900
2026-07-21,13:03,13:18,GS13,gs,GS13_IN,GS13_O2.csv,light,run9,0,7,10,900
2026-07-21,13:03,13:18,SF12,sf,SF12_IN,SF12_O2.csv,light,run9,0,8,10,900
2026-07-21,13:03,13:18,BLANK2_RUN9,blank,BLANK2_RUN9_PI,BLANK2_RUN9_O2.csv,light,run9,1,9,10,900
2026-07-21,13:03,13:18,DA09,da,DA09_IN,DA09_O2.csv,light,run9,0,10,10,900
2026-07-21,13:03,13:18,GS12,gs,GS12_OFF,GS12_O2.csv,light,run9,0,11,10,900
2026-07-21,13:03,13:18,AS12,as,AS12_OFF,AS12_O2.csv,light,run9,0,12,10,900
2026-07-22,10:57,11:12,AS13,as,AS13_IN,AS13_O2.csv,dark,run10,0,1,1,0
2026-07-22,10:57,11:12,GS15,gs,GS15_IN,GS15_O2.csv,dark,run10,0,2,1,0
2026-07-22,10:57,11:12,HD15,hd,HD15_OFF,HD15_O2.csv,dark,run10,0,3,1,0
2026-07-22,10:57,11:12,DA10,da,DA10_IN,DA10_O2.csv,dark,run10,0,4,1,0
2026-07-22,10:57,11:12,BLANK1_RUN10,blank,BLANK1_RUN10_PI,BLANK1_RUN10_O2.csv,dark,run10,1,5,1,0
2026-07-22,10:57,11:12,DS09,ds,DS09_OFF,DS09_O2.csv,dark,run10,0,6,1,0
2026-07-22,10:57,11:12,AV15,av,AV15_IN,AV15_O2.csv,dark,run10,0,7,1,0
2026-07-22,10:57,11:12,DC08,dc,DC08_OFF,DC08_O2.csv,dark,run10,0,8,1,0
2026-07-22,10:57,11:12,DS10,ds,DS10_OFF,DS10_O2.csv,dark,run10,0,9,1,0
2026-07-22,10:57,11:12,DC07,dc,DC07_OFF,DC07_O2.csv,dark,run10,0,10,1,0
2026-07-22,10:57,11:12,AV14,av,AV14_OFF,AV14_O2.csv,dark,run10,0,11,1,0
2026-07-22,10:57,11:12,BLANK2_RUN10,blank,BLANK2_RUN10_PI,BLANK2_RUN10_O2.csv,dark,run10,1,12,1,0
2026-07-22,11:14,11:29,AS13,as,AS13_IN,AS13_O2.csv,light,run10,0,1,2,100
2026-07-22,11:14,11:29,GS15,gs,GS15_IN,GS15_O2.csv,light,run10,0,2,2,100
2026-07-22,11:14,11:29,HD15,hd,HD15_OFF,HD15_O2.csv,light,run10,0,3,2,100
2026-07-22,11:14,11:29,DA10,da,DA10_IN,DA10_O2.csv,light,run10,0,4,2,100
2026-07-22,11:14,11:29,BLANK1_RUN10,blank,BLANK1_RUN10_PI,BLANK1_RUN10_O2.csv,light,run10,1,5,2,100
2026-07-22,11:14,11:29,DS09,ds,DS09_OFF,DS09_O2.csv,light,run10,0,6,2,100
2026-07-22,11:14,11:29,AV15,av,AV15_IN,AV15_O2.csv,light,run10,0,7,2,100
2026-07-22,11:14,11:29,DC08,dc,DC08_OFF,DC08_O2.csv,light,run10,0,8,2,100
2026-07-22,11:14,11:29,DS10,ds,DS10_OFF,DS10_O2.csv,light,run10,0,9,2,100
2026-07-22,11:14,11:29,DC07,dc,DC07_OFF,DC07_O2.csv,light,run10,0,10,2,100
2026-07-22,11:14,11:29,AV14,av,AV14_OFF,AV14_O2.csv,light,run10,0,11,2,100
2026-07-22,11:14,11:29,BLANK2_RUN10,blank,BLANK2_RUN10_PI,BLANK2_RUN10_O2.csv,light,run10,1,12,2,100
2026-07-22,11:31,11:46,AS13,as,AS13_IN,AS13_O2.csv,light,run10,0,1,3,198
2026-07-22,11:31,11:46,GS15,gs,GS15_IN,GS15_O2.csv,light,run10,0,2,3,198
2026-07-22,11:31,11:46,HD15,hd,HD15_OFF,HD15_O2.csv,light,run10,0,3,3,198
2026-07-22,11:31,11:46,DA10,da,DA10_IN,DA10_O2.csv,light,run10,0,4,3,198
2026-07-22,11:31,11:46,BLANK1_RUN10,blank,BLANK1_RUN10_PI,BLANK1_RUN10_O2.csv,light,run10,1,5,3,198
2026-07-22,11:31,11:46,DS09,ds,DS09_OFF,DS09_O2.csv,light,run10,0,6,3,198
2026-07-22,11:31,11:46,AV15,av,AV15_IN,AV15_O2.csv,light,run10,0,7,3,198
2026-07-22,11:31,11:46,DC08,dc,DC08_OFF,DC08_O2.csv,light,run10,0,8,3,198
2026-07-22,11:31,11:46,DS10,ds,DS10_OFF,DS10_O2.csv,light,run10,0,9,3,198
2026-07-22,11:31,11:46,DC07,dc,DC07_OFF,DC07_O2.csv,light,run10,0,10,3,198
2026-07-22,11:31,11:46,AV14,av,AV14_OFF,AV14_O2.csv,light,run10,0,11,3,198
2026-07-22,11:31,11:46,BLANK2_RUN10,blank,BLANK2_RUN10_PI,BLANK2_RUN10_O2.csv,light,run10,1,12,3,198
2026-07-22,11:49,12:04,AS13,as,AS13_IN,AS13_O2.csv,light,run10,0,1,4,305
2026-07-22,11:49,12:04,GS15,gs,GS15_IN,GS15_O2.csv,light,run10,0,2,4,305
2026-07-22,11:49,12:04,HD15,hd,HD15_OFF,HD15_O2.csv,light,run10,0,3,4,305
2026-07-22,11:49,12:04,DA10,da,DA10_IN,DA10_O2.csv,light,run10,0,4,4,305
2026-07-22,11:49,12:04,BLANK1_RUN10,blank,BLANK1_RUN10_PI,BLANK1_RUN10_O2.csv,light,run10,1,5,4,305
2026-07-22,11:49,12:04,DS09,ds,DS09_OFF,DS09_O2.csv,light,run10,0,6,4,305
2026-07-22,11:49,12:04,AV15,av,AV15_IN,AV15_O2.csv,light,run10,0,7,4,305
2026-07-22,11:49,12:04,DC08,dc,DC08_OFF,DC08_O2.csv,light,run10,0,8,4,305
2026-07-22,11:49,12:04,DS10,ds,DS10_OFF,DS10_O2.csv,light,run10,0,9,4,305
2026-07-22,11:49,12:04,DC07,dc,DC07_OFF,DC07_O2.csv,light,run10,0,10,4,305
2026-07-22,11:49,12:04,AV14,av,AV14_OFF,AV14_O2.csv,light,run10,0,11,4,305
2026-07-22,11:49,12:04,BLANK2_RUN10,blank,BLANK2_RUN10_PI,BLANK2_RUN10_O2.csv,light,run10,1,12,4,305
2026-07-22,12:07,12:22,AS13,as,AS13_IN,AS13_O2.csv,light,run10,0,1,5,410
2026-07-22,12:07,12:22,GS15,gs,GS15_IN,GS15_O2.csv,light,run10,0,2,5,410
2026-07-22,12:07,12:22,HD15,hd,HD15_OFF,HD15_O2.csv,light,run10,0,3,5,410
2026-07-22,12:07,12:22,DA10,da,DA10_IN,DA10_O2.csv,light,run10,0,4,5,410
2026-07-22,12:07,12:22,BLANK1_RUN10,blank,BLANK1_RUN10_PI,BLANK1_RUN10_O2.csv,light,run10,1,5,5,410
2026-07-22,12:07,12:22,DS09,ds,DS09_OFF,DS09_O2.csv,light,run10,0,6,5,410
2026-07-22,12:07,12:22,AV15,av,AV15_IN,AV15_O2.csv,light,run10,0,7,5,410
2026-07-22,12:07,12:22,DC08,dc,DC08_OFF,DC08_O2.csv,light,run10,0,8,5,410
2026-07-22,12:07,12:22,DS10,ds,DS10_OFF,DS10_O2.csv,light,run10,0,9,5,410
2026-07-22,12:07,12:22,DC07,dc,DC07_OFF,DC07_O2.csv,light,run10,0,10,5,410
2026-07-22,12:07,12:22,AV14,av,AV14_OFF,AV14_O2.csv,light,run10,0,11,5,410
2026-07-22,12:07,12:22,BLANK2_RUN10,blank,BLANK2_RUN10_PI,BLANK2_RUN10_O2.csv,light,run10,1,12,5,410
2026-07-22,12:25,12:40,AS13,as,AS13_IN,AS13_O2.csv,light,run10,0,1,6,500
2026-07-22,12:25,12:40,GS15,gs,GS15_IN,GS15_O2.csv,light,run10,0,2,6,500
2026-07-22,12:25,12:40,HD15,hd,HD15_OFF,HD15_O2.csv,light,run10,0,3,6,500
2026-07-22,12:25,12:40,DA10,da,DA10_IN,DA10_O2.csv,light,run10,0,4,6,500
2026-07-22,12:25,12:40,BLANK1_RUN10,blank,BLANK1_RUN10_PI,BLANK1_RUN10_O2.csv,light,run10,1,5,6,500
2026-07-22,12:25,12:40,DS09,ds,DS09_OFF,DS09_O2.csv,light,run10,0,6,6,500
2026-07-22,12:25,12:40,AV15,av,AV15_IN,AV15_O2.csv,light,run10,0,7,6,500
2026-07-22,12:25,12:40,DC08,dc,DC08_OFF,DC08_O2.csv,light,run10,0,8,6,500
2026-07-22,12:25,12:40,DS10,ds,DS10_OFF,DS10_O2.csv,light,run10,0,9,6,500
2026-07-22,12:25,12:40,DC07,dc,DC07_OFF,DC07_O2.csv,light,run10,0,10,6,500
2026-07-22,12:25,12:40,AV14,av,AV14_OFF,AV14_O2.csv,light,run10,0,11,6,500
2026-07-22,12:25,12:40,BLANK2_RUN10,blank,BLANK2_RUN10_PI,BLANK2_RUN10_O2.csv,light,run10,1,12,6,500
2026-07-22,12:42,12:57,AS13,as,AS13_IN,AS13_O2.csv,light,run10,0,1,7,600
2026-07-22,12:42,12:57,GS15,gs,GS15_IN,GS15_O2.csv,light,run10,0,2,7,600
2026-07-22,12:42,12:57,HD15,hd,HD15_OFF,HD15_O2.csv,light,run10,0,3,7,600
2026-07-22,12:42,12:57,DA10,da,DA10_IN,DA10_O2.csv,light,run10,0,4,7,600
2026-07-22,12:42,12:57,BLANK1_RUN10,blank,BLANK1_RUN10_PI,BLANK1_RUN10_O2.csv,light,run10,1,5,7,600
2026-07-22,12:42,12:57,DS09,ds,DS09_OFF,DS09_O2.csv,light,run10,0,6,7,600
2026-07-22,12:42,12:57,AV15,av,AV15_IN,AV15_O2.csv,light,run10,0,7,7,600
2026-07-22,12:42,12:57,DC08,dc,DC08_OFF,DC08_O2.csv,light,run10,0,8,7,600
2026-07-22,12:42,12:57,DS10,ds,DS10_OFF,DS10_O2.csv,light,run10,0,9,7,600
2026-07-22,12:42,12:57,DC07,dc,DC07_OFF,DC07_O2.csv,light,run10,0,10,7,600
2026-07-22,12:42,12:57,AV14,av,AV14_OFF,AV14_O2.csv,light,run10,0,11,7,600
2026-07-22,12:42,12:57,BLANK2_RUN10,blank,BLANK2_RUN10_PI,BLANK2_RUN10_O2.csv,light,run10,1,12,7,600
2026-07-22,13:00,13:15,AS13,as,AS13_IN,AS13_O2.csv,light,run10,0,1,8,695
2026-07-22,13:00,13:15,GS15,gs,GS15_IN,GS15_O2.csv,light,run10,0,2,8,695
2026-07-22,13:00,13:15,HD15,hd,HD15_OFF,HD15_O2.csv,light,run10,0,3,8,695
2026-07-22,13:00,13:15,DA10,da,DA10_IN,DA10_O2.csv,light,run10,0,4,8,695
2026-07-22,13:00,13:15,BLANK1_RUN10,blank,BLANK1_RUN10_PI,BLANK1_RUN10_O2.csv,light,run10,1,5,8,695
2026-07-22,13:00,13:15,DS09,ds,DS09_OFF,DS09_O2.csv,light,run10,0,6,8,695
2026-07-22,13:00,13:15,AV15,av,AV15_IN,AV15_O2.csv,light,run10,0,7,8,695
2026-07-22,13:00,13:15,DC08,dc,DC08_OFF,DC08_O2.csv,light,run10,0,8,8,695
2026-07-22,13:00,13:15,DS10,ds,DS10_OFF,DS10_O2.csv,light,run10,0,9,8,695
2026-07-22,13:00,13:15,DC07,dc,DC07_OFF,DC07_O2.csv,light,run10,0,10,8,695
2026-07-22,13:00,13:15,AV14,av,AV14_OFF,AV14_O2.csv,light,run10,0,11,8,695
2026-07-22,13:00,13:15,BLANK2_RUN10,blank,BLANK2_RUN10_PI,BLANK2_RUN10_O2.csv,light,run10,1,12,8,695
2026-07-22,13:19,13:34,AS13,as,AS13_IN,AS13_O2.csv,light,run10,0,1,9,800
2026-07-22,13:19,13:34,GS15,gs,GS15_IN,GS15_O2.csv,light,run10,0,2,9,800
2026-07-22,13:19,13:34,HD15,hd,HD15_OFF,HD15_O2.csv,light,run10,0,3,9,800
2026-07-22,13:19,13:34,DA10,da,DA10_IN,DA10_O2.csv,light,run10,0,4,9,800
2026-07-22,13:19,13:34,BLANK1_RUN10,blank,BLANK1_RUN10_PI,BLANK1_RUN10_O2.csv,light,run10,1,5,9,800
2026-07-22,13:19,13:34,DS09,ds,DS09_OFF,DS09_O2.csv,light,run10,0,6,9,800
2026-07-22,13:19,13:34,AV15,av,AV15_IN,AV15_O2.csv,light,run10,0,7,9,800
2026-07-22,13:19,13:34,DC08,dc,DC08_OFF,DC08_O2.csv,light,run10,0,8,9,800
2026-07-22,13:19,13:34,DS10,ds,DS10_OFF,DS10_O2.csv,light,run10,0,9,9,800
2026-07-22,13:19,13:34,DC07,dc,DC07_OFF,DC07_O2.csv,light,run10,0,10,9,800
2026-07-22,13:19,13:34,AV14,av,AV14_OFF,AV14_O2.csv,light,run10,0,11,9,800
2026-07-22,13:19,13:34,BLANK2_RUN10,blank,BLANK2_RUN10_PI,BLANK2_RUN10_O2.csv,light,run10,1,12,9,800
2026-07-22,13:40,13:55,AS13,as,AS13_IN,AS13_O2.csv,light,run10,0,1,10,905
2026-07-22,13:40,13:55,GS15,gs,GS15_IN,GS15_O2.csv,light,run10,0,2,10,905
2026-07-22,13:40,13:55,HD15,hd,HD15_OFF,HD15_O2.csv,light,run10,0,3,10,905
2026-07-22,13:40,13:55,DA10,da,DA10_IN,DA10_O2.csv,light,run10,0,4,10,905
2026-07-22,13:40,13:55,BLANK1_RUN10,blank,BLANK1_RUN10_PI,BLANK1_RUN10_O2.csv,light,run10,1,5,10,905
2026-07-22,13:40,13:55,DS09,ds,DS09_OFF,DS09_O2.csv,light,run10,0,6,10,905
2026-07-22,13:40,13:55,AV15,av,AV15_IN,AV15_O2.csv,light,run10,0,7,10,905
2026-07-22,13:40,13:55,DC08,dc,DC08_OFF,DC08_O2.csv,light,run10,0,8,10,905
2026-07-22,13:40,13:55,DS10,ds,DS10_OFF,DS10_O2.csv,light,run10,0,9,10,905
2026-07-22,13:40,13:55,DC07,dc,DC07_OFF,DC07_O2.csv,light,run10,0,10,10,905
2026-07-22,13:40,13:55,AV14,av,AV14_OFF,AV14_O2.csv,light,run10,0,11,10,905
2026-07-22,13:40,13:55,BLANK2_RUN10,blank,BLANK2_RUN10_PI,BLANK2_RUN10_O2.csv,light,run10,1,12,10,905
2026-07-23,10:35,10:50,DA11,da,DA11_IN,DA11_O2.csv,dark,run11,0,1,1,0
2026-07-23,10:35,10:50,BLANK1_RUN11,blank,BLANK1_RUN11_PI,BLANK1_RUN11_O2.csv,dark,run11,1,2,1,0
2026-07-23,10:35,10:50,AS15,as,AS15_IN,AS15_O2.csv,dark,run11,0,3,1,0
2026-07-23,10:35,10:50,AV17,av,AV17_IN,AV17_O2.csv,dark,run11,0,4,1,0
2026-07-23,10:35,10:50,HD16,hd,HD16_OFF,HD16_O2.csv,dark,run11,0,5,1,0
2026-07-23,10:35,10:50,GS16,gs,GS16_IN,GS16_O2.csv,dark,run11,0,6,1,0
2026-07-23,10:35,10:50,DS11,ds,DS11_OFF,DS11_O2.csv,dark,run11,0,7,1,0
2026-07-23,10:35,10:50,AS14,as,AS14_OFF,AS14_O2.csv,dark,run11,0,8,1,0
2026-07-23,10:35,10:50,SF13,sf,SF13_IN,SF13_O2.csv,dark,run11,0,9,1,0
2026-07-23,10:35,10:50,DC09,dc,DC09_OFF,DC09_O2.csv,dark,run11,0,10,1,0
2026-07-23,10:35,10:50,BLANK2_RUN11,blank,BLANK2_RUN11_PI,BLANK2_RUN11_O2.csv,dark,run11,1,11,1,0
2026-07-23,10:35,10:50,AV16,av,AV16_OFF,AV16_O2.csv,dark,run11,0,12,1,0
2026-07-23,10:52,11:07,DA11,da,DA11_IN,DA11_O2.csv,light,run11,0,1,2,100
2026-07-23,10:52,11:07,BLANK1_RUN11,blank,BLANK1_RUN11_PI,BLANK1_RUN11_O2.csv,light,run11,1,2,2,100
2026-07-23,10:52,11:07,AS15,as,AS15_IN,AS15_O2.csv,light,run11,0,3,2,100
2026-07-23,10:52,11:07,AV17,av,AV17_IN,AV17_O2.csv,light,run11,0,4,2,100
2026-07-23,10:52,11:07,HD16,hd,HD16_OFF,HD16_O2.csv,light,run11,0,5,2,100
2026-07-23,10:52,11:07,GS16,gs,GS16_IN,GS16_O2.csv,light,run11,0,6,2,100
2026-07-23,10:52,11:07,DS11,ds,DS11_OFF,DS11_O2.csv,light,run11,0,7,2,100
2026-07-23,10:52,11:07,AS14,as,AS14_OFF,AS14_O2.csv,light,run11,0,8,2,100
2026-07-23,10:52,11:07,SF13,sf,SF13_IN,SF13_O2.csv,light,run11,0,9,2,100
2026-07-23,10:52,11:07,DC09,dc,DC09_OFF,DC09_O2.csv,light,run11,0,10,2,100
2026-07-23,10:52,11:07,BLANK2_RUN11,blank,BLANK2_RUN11_PI,BLANK2_RUN11_O2.csv,light,run11,1,11,2,100
2026-07-23,10:52,11:07,AV16,av,AV16_OFF,AV16_O2.csv,light,run11,0,12,2,100
2026-07-23,11:09,11:24,DA11,da,DA11_IN,DA11_O2.csv,light,run11,0,1,3,195
2026-07-23,11:09,11:24,BLANK1_RUN11,blank,BLANK1_RUN11_PI,BLANK1_RUN11_O2.csv,light,run11,1,2,3,195
2026-07-23,11:09,11:24,AS15,as,AS15_IN,AS15_O2.csv,light,run11,0,3,3,195
2026-07-23,11:09,11:24,AV17,av,AV17_IN,AV17_O2.csv,light,run11,0,4,3,195
2026-07-23,11:09,11:24,HD16,hd,HD16_OFF,HD16_O2.csv,light,run11,0,5,3,195
2026-07-23,11:09,11:24,GS16,gs,GS16_IN,GS16_O2.csv,light,run11,0,6,3,195
2026-07-23,11:09,11:24,DS11,ds,DS11_OFF,DS11_O2.csv,light,run11,0,7,3,195
2026-07-23,11:09,11:24,AS14,as,AS14_OFF,AS14_O2.csv,light,run11,0,8,3,195
2026-07-23,11:09,11:24,SF13,sf,SF13_IN,SF13_O2.csv,light,run11,0,9,3,195
2026-07-23,11:09,11:24,DC09,dc,DC09_OFF,DC09_O2.csv,light,run11,0,10,3,195
2026-07-23,11:09,11:24,BLANK2_RUN11,blank,BLANK2_RUN11_PI,BLANK2_RUN11_O2.csv,light,run11,1,11,3,195
2026-07-23,11:09,11:24,AV16,av,AV16_OFF,AV16_O2.csv,light,run11,0,12,3,195
2026-07-23,11:26,11:41,DA11,da,DA11_IN,DA11_O2.csv,light,run11,0,1,4,300
2026-07-23,11:26,11:41,BLANK1_RUN11,blank,BLANK1_RUN11_PI,BLANK1_RUN11_O2.csv,light,run11,1,2,4,300
2026-07-23,11:26,11:41,AS15,as,AS15_IN,AS15_O2.csv,light,run11,0,3,4,300
2026-07-23,11:26,11:41,AV17,av,AV17_IN,AV17_O2.csv,light,run11,0,4,4,300
2026-07-23,11:26,11:41,HD16,hd,HD16_OFF,HD16_O2.csv,light,run11,0,5,4,300
2026-07-23,11:26,11:41,GS16,gs,GS16_IN,GS16_O2.csv,light,run11,0,6,4,300
2026-07-23,11:26,11:41,DS11,ds,DS11_OFF,DS11_O2.csv,light,run11,0,7,4,300
2026-07-23,11:26,11:41,AS14,as,AS14_OFF,AS14_O2.csv,light,run11,0,8,4,300
2026-07-23,11:26,11:41,SF13,sf,SF13_IN,SF13_O2.csv,light,run11,0,9,4,300
2026-07-23,11:26,11:41,DC09,dc,DC09_OFF,DC09_O2.csv,light,run11,0,10,4,300
2026-07-23,11:26,11:41,BLANK2_RUN11,blank,BLANK2_RUN11_PI,BLANK2_RUN11_O2.csv,light,run11,1,11,4,300
2026-07-23,11:26,11:41,AV16,av,AV16_OFF,AV16_O2.csv,light,run11,0,12,4,300
2026-07-23,11:45,12:00,DA11,da,DA11_IN,DA11_O2.csv,light,run11,0,1,5,410
2026-07-23,11:45,12:00,BLANK1_RUN11,blank,BLANK1_RUN11_PI,BLANK1_RUN11_O2.csv,light,run11,1,2,5,410
2026-07-23,11:45,12:00,AS15,as,AS15_IN,AS15_O2.csv,light,run11,0,3,5,410
2026-07-23,11:45,12:00,AV17,av,AV17_IN,AV17_O2.csv,light,run11,0,4,5,410
2026-07-23,11:45,12:00,HD16,hd,HD16_OFF,HD16_O2.csv,light,run11,0,5,5,410
2026-07-23,11:45,12:00,GS16,gs,GS16_IN,GS16_O2.csv,light,run11,0,6,5,410
2026-07-23,11:45,12:00,DS11,ds,DS11_OFF,DS11_O2.csv,light,run11,0,7,5,410
2026-07-23,11:45,12:00,AS14,as,AS14_OFF,AS14_O2.csv,light,run11,0,8,5,410
2026-07-23,11:45,12:00,SF13,sf,SF13_IN,SF13_O2.csv,light,run11,0,9,5,410
2026-07-23,11:45,12:00,DC09,dc,DC09_OFF,DC09_O2.csv,light,run11,0,10,5,410
2026-07-23,11:45,12:00,BLANK2_RUN11,blank,BLANK2_RUN11_PI,BLANK2_RUN11_O2.csv,light,run11,1,11,5,410
2026-07-23,11:45,12:00,AV16,av,AV16_OFF,AV16_O2.csv,light,run11,0,12,5,410
2026-07-23,12:03,12:18,DA11,da,DA11_IN,DA11_O2.csv,light,run11,0,1,6,498
2026-07-23,12:03,12:18,BLANK1_RUN11,blank,BLANK1_RUN11_PI,BLANK1_RUN11_O2.csv,light,run11,1,2,6,498
2026-07-23,12:03,12:18,AS15,as,AS15_IN,AS15_O2.csv,light,run11,0,3,6,498
2026-07-23,12:03,12:18,AV17,av,AV17_IN,AV17_O2.csv,light,run11,0,4,6,498
2026-07-23,12:03,12:18,HD16,hd,HD16_OFF,HD16_O2.csv,light,run11,0,5,6,498
2026-07-23,12:03,12:18,GS16,gs,GS16_IN,GS16_O2.csv,light,run11,0,6,6,498
2026-07-23,12:03,12:18,DS11,ds,DS11_OFF,DS11_O2.csv,light,run11,0,7,6,498
2026-07-23,12:03,12:18,AS14,as,AS14_OFF,AS14_O2.csv,light,run11,0,8,6,498
2026-07-23,12:03,12:18,SF13,sf,SF13_IN,SF13_O2.csv,light,run11,0,9,6,498
2026-07-23,12:03,12:18,DC09,dc,DC09_OFF,DC09_O2.csv,light,run11,0,10,6,498
2026-07-23,12:03,12:18,BLANK2_RUN11,blank,BLANK2_RUN11_PI,BLANK2_RUN11_O2.csv,light,run11,1,11,6,498
2026-07-23,12:03,12:18,AV16,av,AV16_OFF,AV16_O2.csv,light,run11,0,12,6,498
2026-07-23,12:21,12:36,DA11,da,DA11_IN,DA11_O2.csv,light,run11,0,1,7,605
2026-07-23,12:21,12:36,BLANK1_RUN11,blank,BLANK1_RUN11_PI,BLANK1_RUN11_O2.csv,light,run11,1,2,7,605
2026-07-23,12:21,12:36,AS15,as,AS15_IN,AS15_O2.csv,light,run11,0,3,7,605
2026-07-23,12:21,12:36,AV17,av,AV17_IN,AV17_O2.csv,light,run11,0,4,7,605
2026-07-23,12:21,12:36,HD16,hd,HD16_OFF,HD16_O2.csv,light,run11,0,5,7,605
2026-07-23,12:21,12:36,GS16,gs,GS16_IN,GS16_O2.csv,light,run11,0,6,7,605
2026-07-23,12:21,12:36,DS11,ds,DS11_OFF,DS11_O2.csv,light,run11,0,7,7,605
2026-07-23,12:21,12:36,AS14,as,AS14_OFF,AS14_O2.csv,light,run11,0,8,7,605
2026-07-23,12:21,12:36,SF13,sf,SF13_IN,SF13_O2.csv,light,run11,0,9,7,605
2026-07-23,12:21,12:36,DC09,dc,DC09_OFF,DC09_O2.csv,light,run11,0,10,7,605
2026-07-23,12:21,12:36,BLANK2_RUN11,blank,BLANK2_RUN11_PI,BLANK2_RUN11_O2.csv,light,run11,1,11,7,605
2026-07-23,12:21,12:36,AV16,av,AV16_OFF,AV16_O2.csv,light,run11,0,12,7,605
2026-07-23,12:39,12:54,DA11,da,DA11_IN,DA11_O2.csv,light,run11,0,1,8,695
2026-07-23,12:39,12:54,BLANK1_RUN11,blank,BLANK1_RUN11_PI,BLANK1_RUN11_O2.csv,light,run11,1,2,8,695
2026-07-23,12:39,12:54,AS15,as,AS15_IN,AS15_O2.csv,light,run11,0,3,8,695
2026-07-23,12:39,12:54,AV17,av,AV17_IN,AV17_O2.csv,light,run11,0,4,8,695
2026-07-23,12:39,12:54,HD16,hd,HD16_OFF,HD16_O2.csv,light,run11,0,5,8,695
2026-07-23,12:39,12:54,GS16,gs,GS16_IN,GS16_O2.csv,light,run11,0,6,8,695
2026-07-23,12:39,12:54,DS11,ds,DS11_OFF,DS11_O2.csv,light,run11,0,7,8,695
2026-07-23,12:39,12:54,AS14,as,AS14_OFF,AS14_O2.csv,light,run11,0,8,8,695
2026-07-23,12:39,12:54,SF13,sf,SF13_IN,SF13_O2.csv,light,run11,0,9,8,695
2026-07-23,12:39,12:54,DC09,dc,DC09_OFF,DC09_O2.csv,light,run11,0,10,8,695
2026-07-23,12:39,12:54,BLANK2_RUN11,blank,BLANK2_RUN11_PI,BLANK2_RUN11_O2.csv,light,run11,1,11,8,695
2026-07-23,12:39,12:54,AV16,av,AV16_OFF,AV16_O2.csv,light,run11,0,12,8,695
2026-07-23,12:56,13:11,DA11,da,DA11_IN,DA11_O2.csv,light,run11,0,1,9,800
2026-07-23,12:56,13:11,BLANK1_RUN11,blank,BLANK1_RUN11_PI,BLANK1_RUN11_O2.csv,light,run11,1,2,9,800
2026-07-23,12:56,13:11,AS15,as,AS15_IN,AS15_O2.csv,light,run11,0,3,9,800
2026-07-23,12:56,13:11,AV17,av,AV17_IN,AV17_O2.csv,light,run11,0,4,9,800
2026-07-23,12:56,13:11,HD16,hd,HD16_OFF,HD16_O2.csv,light,run11,0,5,9,800
2026-07-23,12:56,13:11,GS16,gs,GS16_IN,GS16_O2.csv,light,run11,0,6,9,800
2026-07-23,12:56,13:11,DS11,ds,DS11_OFF,DS11_O2.csv,light,run11,0,7,9,800
2026-07-23,12:56,13:11,AS14,as,AS14_OFF,AS14_O2.csv,light,run11,0,8,9,800
2026-07-23,12:56,13:11,SF13,sf,SF13_IN,SF13_O2.csv,light,run11,0,9,9,800
2026-07-23,12:56,13:11,DC09,dc,DC09_OFF,DC09_O2.csv,light,run11,0,10,9,800
2026-07-23,12:56,13:11,BLANK2_RUN11,blank,BLANK2_RUN11_PI,BLANK2_RUN11_O2.csv,light,run11,1,11,9,800
2026-07-23,12:56,13:11,AV16,av,AV16_OFF,AV16_O2.csv,light,run11,0,12,9,800
2026-07-23,13:13,13:28,DA11,da,DA11_IN,DA11_O2.csv,light,run11,0,1,10,905
2026-07-23,13:13,13:28,BLANK1_RUN11,blank,BLANK1_RUN11_PI,BLANK1_RUN11_O2.csv,light,run11,1,2,10,905
2026-07-23,13:13,13:28,AS15,as,AS15_IN,AS15_O2.csv,light,run11,0,3,10,905
2026-07-23,13:13,13:28,AV17,av,AV17_IN,AV17_O2.csv,light,run11,0,4,10,905
2026-07-23,13:13,13:28,HD16,hd,HD16_OFF,HD16_O2.csv,light,run11,0,5,10,905
2026-07-23,13:13,13:28,GS16,gs,GS16_IN,GS16_O2.csv,light,run11,0,6,10,905
2026-07-23,13:13,13:28,DS11,ds,DS11_OFF,DS11_O2.csv,light,run11,0,7,10,905
2026-07-23,13:13,13:28,AS14,as,AS14_OFF,AS14_O2.csv,light,run11,0,8,10,905
2026-07-23,13:13,13:28,SF13,sf,SF13_IN,SF13_O2.csv,light,run11,0,9,10,905
2026-07-23,13:13,13:28,DC09,dc,DC09_OFF,DC09_O2.csv,light,run11,0,10,10,905
2026-07-23,13:13,13:28,BLANK2_RUN11,blank,BLANK2_RUN11_PI,BLANK2_RUN11_O2.csv,light,run11,1,11,10,905
2026-07-23,13:13,13:28,AV16,av,AV16_OFF,AV16_O2.csv,light,run11,0,12,10,905
2026-07-24,10:45,11:00,BLANK1_RUN12,blank,BLANK1_RUN12_PI,BLANK1_RUN12_O2.csv,dark,run12,1,1,1,0
2026-07-24,10:45,11:00,AV18,av,AV18_OFF,AV18_O2.csv,dark,run12,0,2,1,0
2026-07-24,10:45,11:00,AS17,as,AS17_IN,AS17_O2.csv,dark,run12,0,3,1,0
2026-07-24,10:45,11:00,SF14,sf,SF14_IN,SF14_O2.csv,dark,run12,0,4,1,0
2026-07-24,10:45,11:00,HD17,hd,HD17_OFF,HD17_O2.csv,dark,run12,0,5,1,0
2026-07-24,10:45,11:00,AV20,av,AV20_IN,AV20_O2.csv,dark,run12,0,6,1,0
2026-07-24,10:45,11:00,HD18,hd,HD18_IN,HD18_O2.csv,dark,run12,0,7,1,0
2026-07-24,10:45,11:00,AV19,av,AV19_IN,AV19_O2.csv,dark,run12,0,8,1,0
2026-07-24,10:45,11:00,BLANK2_RUN12,blank,BLANK2_RUN12_PI,BLANK2_RUN12_O2.csv,dark,run12,1,9,1,0
2026-07-24,10:45,11:00,GS17,gs,GS17_OFF,GS17_O2.csv,dark,run12,0,10,1,0
2026-07-24,10:45,11:00,DC10,dc,DC10_OFF,DC10_O2.csv,dark,run12,0,11,1,0
2026-07-24,10:45,11:00,AS16,as,AS16_OFF,AS16_O2.csv,dark,run12,0,12,1,0
2026-07-24,11:02,11:17,BLANK1_RUN12,blank,BLANK1_RUN12_PI,BLANK1_RUN12_O2.csv,light,run12,1,1,2,100
2026-07-24,11:02,11:17,AV18,av,AV18_OFF,AV18_O2.csv,light,run12,0,2,2,100
2026-07-24,11:02,11:17,AS17,as,AS17_IN,AS17_O2.csv,light,run12,0,3,2,100
2026-07-24,11:02,11:17,SF14,sf,SF14_IN,SF14_O2.csv,light,run12,0,4,2,100
2026-07-24,11:02,11:17,HD17,hd,HD17_OFF,HD17_O2.csv,light,run12,0,5,2,100
2026-07-24,11:02,11:17,AV20,av,AV20_IN,AV20_O2.csv,light,run12,0,6,2,100
2026-07-24,11:02,11:17,HD18,hd,HD18_IN,HD18_O2.csv,light,run12,0,7,2,100
2026-07-24,11:02,11:17,AV19,av,AV19_IN,AV19_O2.csv,light,run12,0,8,2,100
2026-07-24,11:02,11:17,BLANK2_RUN12,blank,BLANK2_RUN12_PI,BLANK2_RUN12_O2.csv,light,run12,1,9,2,100
2026-07-24,11:02,11:17,GS17,gs,GS17_OFF,GS17_O2.csv,light,run12,0,10,2,100
2026-07-24,11:02,11:17,DC10,dc,DC10_OFF,DC10_O2.csv,light,run12,0,11,2,100
2026-07-24,11:02,11:17,AS16,as,AS16_OFF,AS16_O2.csv,light,run12,0,12,2,100
2026-07-24,11:18,11:33,BLANK1_RUN12,blank,BLANK1_RUN12_PI,BLANK1_RUN12_O2.csv,light,run12,1,1,3,200
2026-07-24,11:18,11:33,AV18,av,AV18_OFF,AV18_O2.csv,light,run12,0,2,3,200
2026-07-24,11:18,11:33,AS17,as,AS17_IN,AS17_O2.csv,light,run12,0,3,3,200
2026-07-24,11:18,11:33,SF14,sf,SF14_IN,SF14_O2.csv,light,run12,0,4,3,200
2026-07-24,11:18,11:33,HD17,hd,HD17_OFF,HD17_O2.csv,light,run12,0,5,3,200
2026-07-24,11:18,11:33,AV20,av,AV20_IN,AV20_O2.csv,light,run12,0,6,3,200
2026-07-24,11:18,11:33,HD18,hd,HD18_IN,HD18_O2.csv,light,run12,0,7,3,200
2026-07-24,11:18,11:33,AV19,av,AV19_IN,AV19_O2.csv,light,run12,0,8,3,200
2026-07-24,11:18,11:33,BLANK2_RUN12,blank,BLANK2_RUN12_PI,BLANK2_RUN12_O2.csv,light,run12,1,9,3,200
2026-07-24,11:18,11:33,GS17,gs,GS17_OFF,GS17_O2.csv,light,run12,0,10,3,200
2026-07-24,11:18,11:33,DC10,dc,DC10_OFF,DC10_O2.csv,light,run12,0,11,3,200
2026-07-24,11:18,11:33,AS16,as,AS16_OFF,AS16_O2.csv,light,run12,0,12,3,200
2026-07-24,11:35,11:50,BLANK1_RUN12,blank,BLANK1_RUN12_PI,BLANK1_RUN12_O2.csv,light,run12,1,1,4,305
2026-07-24,11:35,11:50,AV18,av,AV18_OFF,AV18_O2.csv,light,run12,0,2,4,305
2026-07-24,11:35,11:50,AS17,as,AS17_IN,AS17_O2.csv,light,run12,0,3,4,305
2026-07-24,11:35,11:50,SF14,sf,SF14_IN,SF14_O2.csv,light,run12,0,4,4,305
2026-07-24,11:35,11:50,HD17,hd,HD17_OFF,HD17_O2.csv,light,run12,0,5,4,305
2026-07-24,11:35,11:50,AV20,av,AV20_IN,AV20_O2.csv,light,run12,0,6,4,305
2026-07-24,11:35,11:50,HD18,hd,HD18_IN,HD18_O2.csv,light,run12,0,7,4,305
2026-07-24,11:35,11:50,AV19,av,AV19_IN,AV19_O2.csv,light,run12,0,8,4,305
2026-07-24,11:35,11:50,BLANK2_RUN12,blank,BLANK2_RUN12_PI,BLANK2_RUN12_O2.csv,light,run12,1,9,4,305
2026-07-24,11:35,11:50,GS17,gs,GS17_OFF,GS17_O2.csv,light,run12,0,10,4,305
2026-07-24,11:35,11:50,DC10,dc,DC10_OFF,DC10_O2.csv,light,run12,0,11,4,305
2026-07-24,11:35,11:50,AS16,as,AS16_OFF,AS16_O2.csv,light,run12,0,12,4,305
2026-07-24,11:53,12:08,BLANK1_RUN12,blank,BLANK1_RUN12_PI,BLANK1_RUN12_O2.csv,light,run12,1,1,5,410
2026-07-24,11:53,12:08,AV18,av,AV18_OFF,AV18_O2.csv,light,run12,0,2,5,410
2026-07-24,11:53,12:08,AS17,as,AS17_IN,AS17_O2.csv,light,run12,0,3,5,410
2026-07-24,11:53,12:08,SF14,sf,SF14_IN,SF14_O2.csv,light,run12,0,4,5,410
2026-07-24,11:53,12:08,HD17,hd,HD17_OFF,HD17_O2.csv,light,run12,0,5,5,410
2026-07-24,11:53,12:08,AV20,av,AV20_IN,AV20_O2.csv,light,run12,0,6,5,410
2026-07-24,11:53,12:08,HD18,hd,HD18_IN,HD18_O2.csv,light,run12,0,7,5,410
2026-07-24,11:53,12:08,AV19,av,AV19_IN,AV19_O2.csv,light,run12,0,8,5,410
2026-07-24,11:53,12:08,BLANK2_RUN12,blank,BLANK2_RUN12_PI,BLANK2_RUN12_O2.csv,light,run12,1,9,5,410
2026-07-24,11:53,12:08,GS17,gs,GS17_OFF,GS17_O2.csv,light,run12,0,10,5,410
2026-07-24,11:53,12:08,DC10,dc,DC10_OFF,DC10_O2.csv,light,run12,0,11,5,410
2026-07-24,11:53,12:08,AS16,as,AS16_OFF,AS16_O2.csv,light,run12,0,12,5,410
2026-07-24,12:12,12:27,BLANK1_RUN12,blank,BLANK1_RUN12_PI,BLANK1_RUN12_O2.csv,light,run12,1,1,6,498
2026-07-24,12:12,12:27,AV18,av,AV18_OFF,AV18_O2.csv,light,run12,0,2,6,498
2026-07-24,12:12,12:27,AS17,as,AS17_IN,AS17_O2.csv,light,run12,0,3,6,498
2026-07-24,12:12,12:27,SF14,sf,SF14_IN,SF14_O2.csv,light,run12,0,4,6,498
2026-07-24,12:12,12:27,HD17,hd,HD17_OFF,HD17_O2.csv,light,run12,0,5,6,498
2026-07-24,12:12,12:27,AV20,av,AV20_IN,AV20_O2.csv,light,run12,0,6,6,498
2026-07-24,12:12,12:27,HD18,hd,HD18_IN,HD18_O2.csv,light,run12,0,7,6,498
2026-07-24,12:12,12:27,AV19,av,AV19_IN,AV19_O2.csv,light,run12,0,8,6,498
2026-07-24,12:12,12:27,BLANK2_RUN12,blank,BLANK2_RUN12_PI,BLANK2_RUN12_O2.csv,light,run12,1,9,6,498
2026-07-24,12:12,12:27,GS17,gs,GS17_OFF,GS17_O2.csv,light,run12,0,10,6,498
2026-07-24,12:12,12:27,DC10,dc,DC10_OFF,DC10_O2.csv,light,run12,0,11,6,498
2026-07-24,12:12,12:27,AS16,as,AS16_OFF,AS16_O2.csv,light,run12,0,12,6,498
2026-07-24,12:30,12:45,BLANK1_RUN12,blank,BLANK1_RUN12_PI,BLANK1_RUN12_O2.csv,light,run12,1,1,7,605
2026-07-24,12:30,12:45,AV18,av,AV18_OFF,AV18_O2.csv,light,run12,0,2,7,605
2026-07-24,12:30,12:45,AS17,as,AS17_IN,AS17_O2.csv,light,run12,0,3,7,605
2026-07-24,12:30,12:45,SF14,sf,SF14_IN,SF14_O2.csv,light,run12,0,4,7,605
2026-07-24,12:30,12:45,HD17,hd,HD17_OFF,HD17_O2.csv,light,run12,0,5,7,605
2026-07-24,12:30,12:45,AV20,av,AV20_IN,AV20_O2.csv,light,run12,0,6,7,605
2026-07-24,12:30,12:45,HD18,hd,HD18_IN,HD18_O2.csv,light,run12,0,7,7,605
2026-07-24,12:30,12:45,AV19,av,AV19_IN,AV19_O2.csv,light,run12,0,8,7,605
2026-07-24,12:30,12:45,BLANK2_RUN12,blank,BLANK2_RUN12_PI,BLANK2_RUN12_O2.csv,light,run12,1,9,7,605
2026-07-24,12:30,12:45,GS17,gs,GS17_OFF,GS17_O2.csv,light,run12,0,10,7,605
2026-07-24,12:30,12:45,DC10,dc,DC10_OFF,DC10_O2.csv,light,run12,0,11,7,605
2026-07-24,12:30,12:45,AS16,as,AS16_OFF,AS16_O2.csv,light,run12,0,12,7,605
2026-07-24,12:48,13:03,BLANK1_RUN12,blank,BLANK1_RUN12_PI,BLANK1_RUN12_O2.csv,light,run12,1,1,8,700
2026-07-24,12:48,13:03,AV18,av,AV18_OFF,AV18_O2.csv,light,run12,0,2,8,700
2026-07-24,12:48,13:03,AS17,as,AS17_IN,AS17_O2.csv,light,run12,0,3,8,700
2026-07-24,12:48,13:03,SF14,sf,SF14_IN,SF14_O2.csv,light,run12,0,4,8,700
2026-07-24,12:48,13:03,HD17,hd,HD17_OFF,HD17_O2.csv,light,run12,0,5,8,700
2026-07-24,12:48,13:03,AV20,av,AV20_IN,AV20_O2.csv,light,run12,0,6,8,700
2026-07-24,12:48,13:03,HD18,hd,HD18_IN,HD18_O2.csv,light,run12,0,7,8,700
2026-07-24,12:48,13:03,AV19,av,AV19_IN,AV19_O2.csv,light,run12,0,8,8,700
2026-07-24,12:48,13:03,BLANK2_RUN12,blank,BLANK2_RUN12_PI,BLANK2_RUN12_O2.csv,light,run12,1,9,8,700
2026-07-24,12:48,13:03,GS17,gs,GS17_OFF,GS17_O2.csv,light,run12,0,10,8,700
2026-07-24,12:48,13:03,DC10,dc,DC10_OFF,DC10_O2.csv,light,run12,0,11,8,700
2026-07-24,12:48,13:03,AS16,as,AS16_OFF,AS16_O2.csv,light,run12,0,12,8,700
2026-07-24,13:06,13:21,BLANK1_RUN12,blank,BLANK1_RUN12_PI,BLANK1_RUN12_O2.csv,light,run12,1,1,9,800
2026-07-24,13:06,13:21,AV18,av,AV18_OFF,AV18_O2.csv,light,run12,0,2,9,800
2026-07-24,13:06,13:21,AS17,as,AS17_IN,AS17_O2.csv,light,run12,0,3,9,800
2026-07-24,13:06,13:21,SF14,sf,SF14_IN,SF14_O2.csv,light,run12,0,4,9,800
2026-07-24,13:06,13:21,HD17,hd,HD17_OFF,HD17_O2.csv,light,run12,0,5,9,800
2026-07-24,13:06,13:21,AV20,av,AV20_IN,AV20_O2.csv,light,run12,0,6,9,800
2026-07-24,13:06,13:21,HD18,hd,HD18_IN,HD18_O2.csv,light,run12,0,7,9,800
2026-07-24,13:06,13:21,AV19,av,AV19_IN,AV19_O2.csv,light,run12,0,8,9,800
2026-07-24,13:06,13:21,BLANK2_RUN12,blank,BLANK2_RUN12_PI,BLANK2_RUN12_O2.csv,light,run12,1,9,9,800
2026-07-24,13:06,13:21,GS17,gs,GS17_OFF,GS17_O2.csv,light,run12,0,10,9,800
2026-07-24,13:06,13:21,DC10,dc,DC10_OFF,DC10_O2.csv,light,run12,0,11,9,800
2026-07-24,13:06,13:21,AS16,as,AS16_OFF,AS16_O2.csv,light,run12,0,12,9,800
2026-07-24,13:24,13:39,BLANK1_RUN12,blank,BLANK1_RUN12_PI,BLANK1_RUN12_O2.csv,light,run12,1,1,10,900
2026-07-24,13:24,13:39,AV18,av,AV18_OFF,AV18_O2.csv,light,run12,0,2,10,900
2026-07-24,13:24,13:39,AS17,as,AS17_IN,AS17_O2.csv,light,run12,0,3,10,900
2026-07-24,13:24,13:39,SF14,sf,SF14_IN,SF14_O2.csv,light,run12,0,4,10,900
2026-07-24,13:24,13:39,HD17,hd,HD17_OFF,HD17_O2.csv,light,run12,0,5,10,900
2026-07-24,13:24,13:39,AV20,av,AV20_IN,AV20_O2.csv,light,run12,0,6,10,900
2026-07-24,13:24,13:39,HD18,hd,HD18_IN,HD18_O2.csv,light,run12,0,7,10,900
2026-07-24,13:24,13:39,AV19,av,AV19_IN,AV19_O2.csv,light,run12,0,8,10,900
2026-07-24,13:24,13:39,BLANK2_RUN12,blank,BLANK2_RUN12_PI,BLANK2_RUN12_O2.csv,light,run12,1,9,10,900
2026-07-24,13:24,13:39,GS17,gs,GS17_OFF,GS17_O2.csv,light,run12,0,10,10,900
2026-07-24,13:24,13:39,DC10,dc,DC10_OFF,DC10_O2.csv,light,run12,0,11,10,900
2026-07-24,13:24,13:39,AS16,as,AS16_OFF,AS16_O2.csv,light,run12,0,12,10,900
2026-07-27,10:58,11:13,AS20,as,AS20_IN,AS20_O2.csv,dark,run13,0,1,1,0
2026-07-27,10:58,11:13,HD19,hd,HD19_IN,HD19_O2.csv,dark,run13,0,2,1,0
2026-07-27,10:58,11:13,AS18,as,AS18_IN,AS18_O2.csv,dark,run13,0,3,1,0
2026-07-27,10:58,11:13,BLANK1_RUN13,blank,BLANK1_RUN13_PI,BLANK1_RUN13_O2.csv,dark,run13,1,4,1,0
2026-07-27,10:58,11:13,GS18,gs,GS18_IN,GS18_O2.csv,dark,run13,0,5,1,0
2026-07-27,10:58,11:13,GS20,gs,GS20_IN,GS20_O2.csv,dark,run13,0,6,1,0
2026-07-27,10:58,11:13,AS19,as,AS19_IN,AS19_O2.csv,dark,run13,0,7,1,0
2026-07-27,10:58,11:13,BLANK2_RUN13,blank,BLANK2_RUN13_PI,BLANK2_RUN13_O2.csv,dark,run13,1,8,1,0
2026-07-27,10:58,11:13,AV21,av,AV21_IN,AV21_O2.csv,dark,run13,0,9,1,0
2026-07-27,10:58,11:13,HD20,hd,HD20_IN,HD20_O2.csv,dark,run13,0,10,1,0
2026-07-27,10:58,11:13,DA12,da,DA12_IN,DA12_O2.csv,dark,run13,0,11,1,0
2026-07-27,10:58,11:13,GS19,gs,GS19_IN,GS19_O2.csv,dark,run13,0,12,1,0
2026-07-27,11:15,11:30,AS20,as,AS20_IN,AS20_O2.csv,light,run13,0,1,2,99
2026-07-27,11:15,11:30,HD19,hd,HD19_IN,HD19_O2.csv,light,run13,0,2,2,99
2026-07-27,11:15,11:30,AS18,as,AS18_IN,AS18_O2.csv,light,run13,0,3,2,99
2026-07-27,11:15,11:30,BLANK1_RUN13,blank,BLANK1_RUN13_PI,BLANK1_RUN13_O2.csv,light,run13,1,4,2,99
2026-07-27,11:15,11:30,GS18,gs,GS18_IN,GS18_O2.csv,light,run13,0,5,2,99
2026-07-27,11:15,11:30,GS20,gs,GS20_IN,GS20_O2.csv,light,run13,0,6,2,99
2026-07-27,11:15,11:30,AS19,as,AS19_IN,AS19_O2.csv,light,run13,0,7,2,99
2026-07-27,11:15,11:30,BLANK2_RUN13,blank,BLANK2_RUN13_PI,BLANK2_RUN13_O2.csv,light,run13,1,8,2,99
2026-07-27,11:15,11:30,AV21,av,AV21_IN,AV21_O2.csv,light,run13,0,9,2,99
2026-07-27,11:15,11:30,HD20,hd,HD20_IN,HD20_O2.csv,light,run13,0,10,2,99
2026-07-27,11:15,11:30,DA12,da,DA12_IN,DA12_O2.csv,light,run13,0,11,2,99
2026-07-27,11:15,11:30,GS19,gs,GS19_IN,GS19_O2.csv,light,run13,0,12,2,99
2026-07-27,11:32,11:47,AS20,as,AS20_IN,AS20_O2.csv,light,run13,0,1,3,200
2026-07-27,11:32,11:47,HD19,hd,HD19_IN,HD19_O2.csv,light,run13,0,2,3,200
2026-07-27,11:32,11:47,AS18,as,AS18_IN,AS18_O2.csv,light,run13,0,3,3,200
2026-07-27,11:32,11:47,BLANK1_RUN13,blank,BLANK1_RUN13_PI,BLANK1_RUN13_O2.csv,light,run13,1,4,3,200
2026-07-27,11:32,11:47,GS18,gs,GS18_IN,GS18_O2.csv,light,run13,0,5,3,200
2026-07-27,11:32,11:47,GS20,gs,GS20_IN,GS20_O2.csv,light,run13,0,6,3,200
2026-07-27,11:32,11:47,AS19,as,AS19_IN,AS19_O2.csv,light,run13,0,7,3,200
2026-07-27,11:32,11:47,BLANK2_RUN13,blank,BLANK2_RUN13_PI,BLANK2_RUN13_O2.csv,light,run13,1,8,3,200
2026-07-27,11:32,11:47,AV21,av,AV21_IN,AV21_O2.csv,light,run13,0,9,3,200
2026-07-27,11:32,11:47,HD20,hd,HD20_IN,HD20_O2.csv,light,run13,0,10,3,200
2026-07-27,11:32,11:47,DA12,da,DA12_IN,DA12_O2.csv,light,run13,0,11,3,200
2026-07-27,11:32,11:47,GS19,gs,GS19_IN,GS19_O2.csv,light,run13,0,12,3,200
2026-07-27,11:49,12:04,AS20,as,AS20_IN,AS20_O2.csv,light,run13,0,1,4,305
2026-07-27,11:49,12:04,HD19,hd,HD19_IN,HD19_O2.csv,light,run13,0,2,4,305
2026-07-27,11:49,12:04,AS18,as,AS18_IN,AS18_O2.csv,light,run13,0,3,4,305
2026-07-27,11:49,12:04,BLANK1_RUN13,blank,BLANK1_RUN13_PI,BLANK1_RUN13_O2.csv,light,run13,1,4,4,305
2026-07-27,11:49,12:04,GS18,gs,GS18_IN,GS18_O2.csv,light,run13,0,5,4,305
2026-07-27,11:49,12:04,GS20,gs,GS20_IN,GS20_O2.csv,light,run13,0,6,4,305
2026-07-27,11:49,12:04,AS19,as,AS19_IN,AS19_O2.csv,light,run13,0,7,4,305
2026-07-27,11:49,12:04,BLANK2_RUN13,blank,BLANK2_RUN13_PI,BLANK2_RUN13_O2.csv,light,run13,1,8,4,305
2026-07-27,11:49,12:04,AV21,av,AV21_IN,AV21_O2.csv,light,run13,0,9,4,305
2026-07-27,11:49,12:04,HD20,hd,HD20_IN,HD20_O2.csv,light,run13,0,10,4,305
2026-07-27,11:49,12:04,DA12,da,DA12_IN,DA12_O2.csv,light,run13,0,11,4,305
2026-07-27,11:49,12:04,GS19,gs,GS19_IN,GS19_O2.csv,light,run13,0,12,4,305
2026-07-27,12:07,12:22,AS20,as,AS20_IN,AS20_O2.csv,light,run13,0,1,5,410
2026-07-27,12:07,12:22,HD19,hd,HD19_IN,HD19_O2.csv,light,run13,0,2,5,410
2026-07-27,12:07,12:22,AS18,as,AS18_IN,AS18_O2.csv,light,run13,0,3,5,410
2026-07-27,12:07,12:22,BLANK1_RUN13,blank,BLANK1_RUN13_PI,BLANK1_RUN13_O2.csv,light,run13,1,4,5,410
2026-07-27,12:07,12:22,GS18,gs,GS18_IN,GS18_O2.csv,light,run13,0,5,5,410
2026-07-27,12:07,12:22,GS20,gs,GS20_IN,GS20_O2.csv,light,run13,0,6,5,410
2026-07-27,12:07,12:22,AS19,as,AS19_IN,AS19_O2.csv,light,run13,0,7,5,410
2026-07-27,12:07,12:22,BLANK2_RUN13,blank,BLANK2_RUN13_PI,BLANK2_RUN13_O2.csv,light,run13,1,8,5,410
2026-07-27,12:07,12:22,AV21,av,AV21_IN,AV21_O2.csv,light,run13,0,9,5,410
2026-07-27,12:07,12:22,HD20,hd,HD20_IN,HD20_O2.csv,light,run13,0,10,5,410
2026-07-27,12:07,12:22,DA12,da,DA12_IN,DA12_O2.csv,light,run13,0,11,5,410
2026-07-27,12:07,12:22,GS19,gs,GS19_IN,GS19_O2.csv,light,run13,0,12,5,410
2026-07-27,12:25,12:40,AS20,as,AS20_IN,AS20_O2.csv,light,run13,0,1,6,498
2026-07-27,12:25,12:40,HD19,hd,HD19_IN,HD19_O2.csv,light,run13,0,2,6,498
2026-07-27,12:25,12:40,AS18,as,AS18_IN,AS18_O2.csv,light,run13,0,3,6,498
2026-07-27,12:25,12:40,BLANK1_RUN13,blank,BLANK1_RUN13_PI,BLANK1_RUN13_O2.csv,light,run13,1,4,6,498
2026-07-27,12:25,12:40,GS18,gs,GS18_IN,GS18_O2.csv,light,run13,0,5,6,498
2026-07-27,12:25,12:40,GS20,gs,GS20_IN,GS20_O2.csv,light,run13,0,6,6,498
2026-07-27,12:25,12:40,AS19,as,AS19_IN,AS19_O2.csv,light,run13,0,7,6,498
2026-07-27,12:25,12:40,BLANK2_RUN13,blank,BLANK2_RUN13_PI,BLANK2_RUN13_O2.csv,light,run13,1,8,6,498
2026-07-27,12:25,12:40,AV21,av,AV21_IN,AV21_O2.csv,light,run13,0,9,6,498
2026-07-27,12:25,12:40,HD20,hd,HD20_IN,HD20_O2.csv,light,run13,0,10,6,498
2026-07-27,12:25,12:40,DA12,da,DA12_IN,DA12_O2.csv,light,run13,0,11,6,498
2026-07-27,12:25,12:40,GS19,gs,GS19_IN,GS19_O2.csv,light,run13,0,12,6,498
2026-07-27,12:43,12:58,AS20,as,AS20_IN,AS20_O2.csv,light,run13,0,1,7,600
2026-07-27,12:43,12:58,HD19,hd,HD19_IN,HD19_O2.csv,light,run13,0,2,7,600
2026-07-27,12:43,12:58,AS18,as,AS18_IN,AS18_O2.csv,light,run13,0,3,7,600
2026-07-27,12:43,12:58,BLANK1_RUN13,blank,BLANK1_RUN13_PI,BLANK1_RUN13_O2.csv,light,run13,1,4,7,600
2026-07-27,12:43,12:58,GS18,gs,GS18_IN,GS18_O2.csv,light,run13,0,5,7,600
2026-07-27,12:43,12:58,GS20,gs,GS20_IN,GS20_O2.csv,light,run13,0,6,7,600
2026-07-27,12:43,12:58,AS19,as,AS19_IN,AS19_O2.csv,light,run13,0,7,7,600
2026-07-27,12:43,12:58,BLANK2_RUN13,blank,BLANK2_RUN13_PI,BLANK2_RUN13_O2.csv,light,run13,1,8,7,600
2026-07-27,12:43,12:58,AV21,av,AV21_IN,AV21_O2.csv,light,run13,0,9,7,600
2026-07-27,12:43,12:58,HD20,hd,HD20_IN,HD20_O2.csv,light,run13,0,10,7,600
2026-07-27,12:43,12:58,DA12,da,DA12_IN,DA12_O2.csv,light,run13,0,11,7,600
2026-07-27,12:43,12:58,GS19,gs,GS19_IN,GS19_O2.csv,light,run13,0,12,7,600
2026-07-27,13:01,13:16,AS20,as,AS20_IN,AS20_O2.csv,light,run13,0,1,8,705
2026-07-27,13:01,13:16,HD19,hd,HD19_IN,HD19_O2.csv,light,run13,0,2,8,705
2026-07-27,13:01,13:16,AS18,as,AS18_IN,AS18_O2.csv,light,run13,0,3,8,705
2026-07-27,13:01,13:16,BLANK1_RUN13,blank,BLANK1_RUN13_PI,BLANK1_RUN13_O2.csv,light,run13,1,4,8,705
2026-07-27,13:01,13:16,GS18,gs,GS18_IN,GS18_O2.csv,light,run13,0,5,8,705
2026-07-27,13:01,13:16,GS20,gs,GS20_IN,GS20_O2.csv,light,run13,0,6,8,705
2026-07-27,13:01,13:16,AS19,as,AS19_IN,AS19_O2.csv,light,run13,0,7,8,705
2026-07-27,13:01,13:16,BLANK2_RUN13,blank,BLANK2_RUN13_PI,BLANK2_RUN13_O2.csv,light,run13,1,8,8,705
2026-07-27,13:01,13:16,AV21,av,AV21_IN,AV21_O2.csv,light,run13,0,9,8,705
2026-07-27,13:01,13:16,HD20,hd,HD20_IN,HD20_O2.csv,light,run13,0,10,8,705
2026-07-27,13:01,13:16,DA12,da,DA12_IN,DA12_O2.csv,light,run13,0,11,8,705
2026-07-27,13:01,13:16,GS19,gs,GS19_IN,GS19_O2.csv,light,run13,0,12,8,705
2026-07-27,13:18,13:33,AS20,as,AS20_IN,AS20_O2.csv,light,run13,0,1,9,801
2026-07-27,13:18,13:33,HD19,hd,HD19_IN,HD19_O2.csv,light,run13,0,2,9,801
2026-07-27,13:18,13:33,AS18,as,AS18_IN,AS18_O2.csv,light,run13,0,3,9,801
2026-07-27,13:18,13:33,BLANK1_RUN13,blank,BLANK1_RUN13_PI,BLANK1_RUN13_O2.csv,light,run13,1,4,9,801
2026-07-27,13:18,13:33,GS18,gs,GS18_IN,GS18_O2.csv,light,run13,0,5,9,801
2026-07-27,13:18,13:33,GS20,gs,GS20_IN,GS20_O2.csv,light,run13,0,6,9,801
2026-07-27,13:18,13:33,AS19,as,AS19_IN,AS19_O2.csv,light,run13,0,7,9,801
2026-07-27,13:18,13:33,BLANK2_RUN13,blank,BLANK2_RUN13_PI,BLANK2_RUN13_O2.csv,light,run13,1,8,9,801
2026-07-27,13:18,13:33,AV21,av,AV21_IN,AV21_O2.csv,light,run13,0,9,9,801
2026-07-27,13:18,13:33,HD20,hd,HD20_IN,HD20_O2.csv,light,run13,0,10,9,801
2026-07-27,13:18,13:33,DA12,da,DA12_IN,DA12_O2.csv,light,run13,0,11,9,801
2026-07-27,13:18,13:33,GS19,gs,GS19_IN,GS19_O2.csv,light,run13,0,12,9,801
2026-07-27,13:35,13:50,AS20,as,AS20_IN,AS20_O2.csv,light,run13,0,1,10,900
2026-07-27,13:35,13:50,HD19,hd,HD19_IN,HD19_O2.csv,light,run13,0,2,10,900
2026-07-27,13:35,13:50,AS18,as,AS18_IN,AS18_O2.csv,light,run13,0,3,10,900
2026-07-27,13:35,13:50,BLANK1_RUN13,blank,BLANK1_RUN13_PI,BLANK1_RUN13_O2.csv,light,run13,1,4,10,900
2026-07-27,13:35,13:50,GS18,gs,GS18_IN,GS18_O2.csv,light,run13,0,5,10,900
2026-07-27,13:35,13:50,GS20,gs,GS20_IN,GS20_O2.csv,light,run13,0,6,10,900
2026-07-27,13:35,13:50,AS19,as,AS19_IN,AS19_O2.csv,light,run13,0,7,10,900
2026-07-27,13:35,13:50,BLANK2_RUN13,blank,BLANK2_RUN13_PI,BLANK2_RUN13_O2.csv,light,run13,1,8,10,900
2026-07-27,13:35,13:50,AV21,av,AV21_IN,AV21_O2.csv,light,run13,0,9,10,900
2026-07-27,13:35,13:50,HD20,hd,HD20_IN,HD20_O2.csv,light,run13,0,10,10,900
2026-07-27,13:35,13:50,DA12,da,DA12_IN,DA12_O2.csv,light,run13,0,11,10,900
2026-07-27,13:35,13:50,GS19,gs,GS19_IN,GS19_O2.csv,light,run13,0,12,10,900
2026-07-28,11:19,11:34,BLANK1_RUN14,blank,BLANK1_RUN14_PI,BLANK1_RUN14_O2.csv,dark,run14,1,1,1,0
2026-07-28,11:19,11:34,DS14,ds,DS14_OFF,DS14_O2.csv,dark,run14,0,2,1,0
2026-07-28,11:19,11:34,SF16,sf,SF16_IN,SF16_O2.csv,dark,run14,0,3,1,0
2026-07-28,11:19,11:34,DA13,da,DA13_IN,DA13_O2.csv,dark,run14,0,4,1,0
2026-07-28,11:19,11:34,AS22,as,AS22_OFF,AS22_O2.csv,dark,run14,0,5,1,0
2026-07-28,11:19,11:34,DA14,da,DA14_IN,DA14_O2.csv,dark,run14,0,6,1,0
2026-07-28,11:19,11:34,AS21,as,AS21_IN,AS21_O2.csv,dark,run14,0,7,1,0
2026-07-28,11:19,11:34,DS13,ds,DS13_OFF,DS13_O2.csv,dark,run14,0,8,1,0
2026-07-28,11:19,11:34,DS12,ds,DS12_OFF,DS12_O2.csv,dark,run14,0,9,1,0
2026-07-28,11:19,11:34,BLANK2_RUN14,blank,BLANK2_RUN14_PI,BLANK2_RUN14_O2.csv,dark,run14,1,10,1,0
2026-07-28,11:19,11:34,SF15,sf,SF15_IN,SF15_O2.csv,dark,run14,0,11,1,0
2026-07-28,11:19,11:34,HD21,hd,HD21_IN,HD21_O2.csv,dark,run14,0,12,1,0
2026-07-28,11:37,11:52,BLANK1_RUN14,blank,BLANK1_RUN14_PI,BLANK1_RUN14_O2.csv,light,run14,1,1,2,101
2026-07-28,11:37,11:52,DS14,ds,DS14_OFF,DS14_O2.csv,light,run14,0,2,2,101
2026-07-28,11:37,11:52,SF16,sf,SF16_IN,SF16_O2.csv,light,run14,0,3,2,101
2026-07-28,11:37,11:52,DA13,da,DA13_IN,DA13_O2.csv,light,run14,0,4,2,101
2026-07-28,11:37,11:52,AS22,as,AS22_OFF,AS22_O2.csv,light,run14,0,5,2,101
2026-07-28,11:37,11:52,DA14,da,DA14_IN,DA14_O2.csv,light,run14,0,6,2,101
2026-07-28,11:37,11:52,AS21,as,AS21_IN,AS21_O2.csv,light,run14,0,7,2,101
2026-07-28,11:37,11:52,DS13,ds,DS13_OFF,DS13_O2.csv,light,run14,0,8,2,101
2026-07-28,11:37,11:52,DS12,ds,DS12_OFF,DS12_O2.csv,light,run14,0,9,2,101
2026-07-28,11:37,11:52,BLANK2_RUN14,blank,BLANK2_RUN14_PI,BLANK2_RUN14_O2.csv,light,run14,1,10,2,101
2026-07-28,11:37,11:52,SF15,sf,SF15_IN,SF15_O2.csv,light,run14,0,11,2,101
2026-07-28,11:37,11:52,HD21,hd,HD21_IN,HD21_O2.csv,light,run14,0,12,2,101
2026-07-28,11:53,12:08,BLANK1_RUN14,blank,BLANK1_RUN14_PI,BLANK1_RUN14_O2.csv,light,run14,1,1,3,198
2026-07-28,11:53,12:08,DS14,ds,DS14_OFF,DS14_O2.csv,light,run14,0,2,3,198
2026-07-28,11:53,12:08,SF16,sf,SF16_IN,SF16_O2.csv,light,run14,0,3,3,198
2026-07-28,11:53,12:08,DA13,da,DA13_IN,DA13_O2.csv,light,run14,0,4,3,198
2026-07-28,11:53,12:08,AS22,as,AS22_OFF,AS22_O2.csv,light,run14,0,5,3,198
2026-07-28,11:53,12:08,DA14,da,DA14_IN,DA14_O2.csv,light,run14,0,6,3,198
2026-07-28,11:53,12:08,AS21,as,AS21_IN,AS21_O2.csv,light,run14,0,7,3,198
2026-07-28,11:53,12:08,DS13,ds,DS13_OFF,DS13_O2.csv,light,run14,0,8,3,198
2026-07-28,11:53,12:08,DS12,ds,DS12_OFF,DS12_O2.csv,light,run14,0,9,3,198
2026-07-28,11:53,12:08,BLANK2_RUN14,blank,BLANK2_RUN14_PI,BLANK2_RUN14_O2.csv,light,run14,1,10,3,198
2026-07-28,11:53,12:08,SF15,sf,SF15_IN,SF15_O2.csv,light,run14,0,11,3,198
2026-07-28,11:53,12:08,HD21,hd,HD21_IN,HD21_O2.csv,light,run14,0,12,3,198
2026-07-28,12:09,12:24,BLANK1_RUN14,blank,BLANK1_RUN14_PI,BLANK1_RUN14_O2.csv,light,run14,1,1,4,302
2026-07-28,12:09,12:24,DS14,ds,DS14_OFF,DS14_O2.csv,light,run14,0,2,4,302
2026-07-28,12:09,12:24,SF16,sf,SF16_IN,SF16_O2.csv,light,run14,0,3,4,302
2026-07-28,12:09,12:24,DA13,da,DA13_IN,DA13_O2.csv,light,run14,0,4,4,302
2026-07-28,12:09,12:24,AS22,as,AS22_OFF,AS22_O2.csv,light,run14,0,5,4,302
2026-07-28,12:09,12:24,DA14,da,DA14_IN,DA14_O2.csv,light,run14,0,6,4,302
2026-07-28,12:09,12:24,AS21,as,AS21_IN,AS21_O2.csv,light,run14,0,7,4,302
2026-07-28,12:09,12:24,DS13,ds,DS13_OFF,DS13_O2.csv,light,run14,0,8,4,302
2026-07-28,12:09,12:24,DS12,ds,DS12_OFF,DS12_O2.csv,light,run14,0,9,4,302
2026-07-28,12:09,12:24,BLANK2_RUN14,blank,BLANK2_RUN14_PI,BLANK2_RUN14_O2.csv,light,run14,1,10,4,302
2026-07-28,12:09,12:24,SF15,sf,SF15_IN,SF15_O2.csv,light,run14,0,11,4,302
2026-07-28,12:09,12:24,HD21,hd,HD21_IN,HD21_O2.csv,light,run14,0,12,4,302
2026-07-28,12:27,12:42,BLANK1_RUN14,blank,BLANK1_RUN14_PI,BLANK1_RUN14_O2.csv,light,run14,1,1,5,408
2026-07-28,12:27,12:42,DS14,ds,DS14_OFF,DS14_O2.csv,light,run14,0,2,5,408
2026-07-28,12:27,12:42,SF16,sf,SF16_IN,SF16_O2.csv,light,run14,0,3,5,408
2026-07-28,12:27,12:42,DA13,da,DA13_IN,DA13_O2.csv,light,run14,0,4,5,408
2026-07-28,12:27,12:42,AS22,as,AS22_OFF,AS22_O2.csv,light,run14,0,5,5,408
2026-07-28,12:27,12:42,DA14,da,DA14_IN,DA14_O2.csv,light,run14,0,6,5,408
2026-07-28,12:27,12:42,AS21,as,AS21_IN,AS21_O2.csv,light,run14,0,7,5,408
2026-07-28,12:27,12:42,DS13,ds,DS13_OFF,DS13_O2.csv,light,run14,0,8,5,408
2026-07-28,12:27,12:42,DS12,ds,DS12_OFF,DS12_O2.csv,light,run14,0,9,5,408
2026-07-28,12:27,12:42,BLANK2_RUN14,blank,BLANK2_RUN14_PI,BLANK2_RUN14_O2.csv,light,run14,1,10,5,408
2026-07-28,12:27,12:42,SF15,sf,SF15_IN,SF15_O2.csv,light,run14,0,11,5,408
2026-07-28,12:27,12:42,HD21,hd,HD21_IN,HD21_O2.csv,light,run14,0,12,5,408
2026-07-28,12:45,13:00,BLANK1_RUN14,blank,BLANK1_RUN14_PI,BLANK1_RUN14_O2.csv,light,run14,1,1,6,495
2026-07-28,12:45,13:00,DS14,ds,DS14_OFF,DS14_O2.csv,light,run14,0,2,6,495
2026-07-28,12:45,13:00,SF16,sf,SF16_IN,SF16_O2.csv,light,run14,0,3,6,495
2026-07-28,12:45,13:00,DA13,da,DA13_IN,DA13_O2.csv,light,run14,0,4,6,495
2026-07-28,12:45,13:00,AS22,as,AS22_OFF,AS22_O2.csv,light,run14,0,5,6,495
2026-07-28,12:45,13:00,DA14,da,DA14_IN,DA14_O2.csv,light,run14,0,6,6,495
2026-07-28,12:45,13:00,AS21,as,AS21_IN,AS21_O2.csv,light,run14,0,7,6,495
2026-07-28,12:45,13:00,DS13,ds,DS13_OFF,DS13_O2.csv,light,run14,0,8,6,495
2026-07-28,12:45,13:00,DS12,ds,DS12_OFF,DS12_O2.csv,light,run14,0,9,6,495
2026-07-28,12:45,13:00,BLANK2_RUN14,blank,BLANK2_RUN14_PI,BLANK2_RUN14_O2.csv,light,run14,1,10,6,495
2026-07-28,12:45,13:00,SF15,sf,SF15_IN,SF15_O2.csv,light,run14,0,11,6,495
2026-07-28,12:45,13:00,HD21,hd,HD21_IN,HD21_O2.csv,light,run14,0,12,6,495
2026-07-28,13:02,13:17,BLANK1_RUN14,blank,BLANK1_RUN14_PI,BLANK1_RUN14_O2.csv,light,run14,1,1,7,605
2026-07-28,13:02,13:17,DS14,ds,DS14_OFF,DS14_O2.csv,light,run14,0,2,7,605
2026-07-28,13:02,13:17,SF16,sf,SF16_IN,SF16_O2.csv,light,run14,0,3,7,605
2026-07-28,13:02,13:17,DA13,da,DA13_IN,DA13_O2.csv,light,run14,0,4,7,605
2026-07-28,13:02,13:17,AS22,as,AS22_OFF,AS22_O2.csv,light,run14,0,5,7,605
2026-07-28,13:02,13:17,DA14,da,DA14_IN,DA14_O2.csv,light,run14,0,6,7,605
2026-07-28,13:02,13:17,AS21,as,AS21_IN,AS21_O2.csv,light,run14,0,7,7,605
2026-07-28,13:02,13:17,DS13,ds,DS13_OFF,DS13_O2.csv,light,run14,0,8,7,605
2026-07-28,13:02,13:17,DS12,ds,DS12_OFF,DS12_O2.csv,light,run14,0,9,7,605
2026-07-28,13:02,13:17,BLANK2_RUN14,blank,BLANK2_RUN14_PI,BLANK2_RUN14_O2.csv,light,run14,1,10,7,605
2026-07-28,13:02,13:17,SF15,sf,SF15_IN,SF15_O2.csv,light,run14,0,11,7,605
2026-07-28,13:02,13:17,HD21,hd,HD21_IN,HD21_O2.csv,light,run14,0,12,7,605
2026-07-28,13:21,13:36,BLANK1_RUN14,blank,BLANK1_RUN14_PI,BLANK1_RUN14_O2.csv,light,run14,1,1,8,710
2026-07-28,13:21,13:36,DS14,ds,DS14_OFF,DS14_O2.csv,light,run14,0,2,8,710
2026-07-28,13:21,13:36,SF16,sf,SF16_IN,SF16_O2.csv,light,run14,0,3,8,710
2026-07-28,13:21,13:36,DA13,da,DA13_IN,DA13_O2.csv,light,run14,0,4,8,710
2026-07-28,13:21,13:36,AS22,as,AS22_OFF,AS22_O2.csv,light,run14,0,5,8,710
2026-07-28,13:21,13:36,DA14,da,DA14_IN,DA14_O2.csv,light,run14,0,6,8,710
2026-07-28,13:21,13:36,AS21,as,AS21_IN,AS21_O2.csv,light,run14,0,7,8,710
2026-07-28,13:21,13:36,DS13,ds,DS13_OFF,DS13_O2.csv,light,run14,0,8,8,710
2026-07-28,13:21,13:36,DS12,ds,DS12_OFF,DS12_O2.csv,light,run14,0,9,8,710
2026-07-28,13:21,13:36,BLANK2_RUN14,blank,BLANK2_RUN14_PI,BLANK2_RUN14_O2.csv,light,run14,1,10,8,710
2026-07-28,13:21,13:36,SF15,sf,SF15_IN,SF15_O2.csv,light,run14,0,11,8,710
2026-07-28,13:21,13:36,HD21,hd,HD21_IN,HD21_O2.csv,light,run14,0,12,8,710
2026-07-28,13:39,13:54,BLANK1_RUN14,blank,BLANK1_RUN14_PI,BLANK1_RUN14_O2.csv,light,run14,1,1,9,810
2026-07-28,13:39,13:54,DS14,ds,DS14_OFF,DS14_O2.csv,light,run14,0,2,9,810
2026-07-28,13:39,13:54,SF16,sf,SF16_IN,SF16_O2.csv,light,run14,0,3,9,810
2026-07-28,13:39,13:54,DA13,da,DA13_IN,DA13_O2.csv,light,run14,0,4,9,810
2026-07-28,13:39,13:54,AS22,as,AS22_OFF,AS22_O2.csv,light,run14,0,5,9,810
2026-07-28,13:39,13:54,DA14,da,DA14_IN,DA14_O2.csv,light,run14,0,6,9,810
2026-07-28,13:39,13:54,AS21,as,AS21_IN,AS21_O2.csv,light,run14,0,7,9,810
2026-07-28,13:39,13:54,DS13,ds,DS13_OFF,DS13_O2.csv,light,run14,0,8,9,810
2026-07-28,13:39,13:54,DS12,ds,DS12_OFF,DS12_O2.csv,light,run14,0,9,9,810
2026-07-28,13:39,13:54,BLANK2_RUN14,blank,BLANK2_RUN14_PI,BLANK2_RUN14_O2.csv,light,run14,1,10,9,810
2026-07-28,13:39,13:54,SF15,sf,SF15_IN,SF15_O2.csv,light,run14,0,11,9,810
2026-07-28,13:39,13:54,HD21,hd,HD21_IN,HD21_O2.csv,light,run14,0,12,9,810
2026-07-28,13:57,14:12,BLANK1_RUN14,blank,BLANK1_RUN14_PI,BLANK1_RUN14_O2.csv,light,run14,1,1,10,910
2026-07-28,13:57,14:12,DS14,ds,DS14_OFF,DS14_O2.csv,light,run14,0,2,10,910
2026-07-28,13:57,14:12,SF16,sf,SF16_IN,SF16_O2.csv,light,run14,0,3,10,910
2026-07-28,13:57,14:12,DA13,da,DA13_IN,DA13_O2.csv,light,run14,0,4,10,910
2026-07-28,13:57,14:12,AS22,as,AS22_OFF,AS22_O2.csv,light,run14,0,5,10,910
2026-07-28,13:57,14:12,DA14,da,DA14_IN,DA14_O2.csv,light,run14,0,6,10,910
2026-07-28,13:57,14:12,AS21,as,AS21_IN,AS21_O2.csv,light,run14,0,7,10,910
2026-07-28,13:57,14:12,DS13,ds,DS13_OFF,DS13_O2.csv,light,run14,0,8,10,910
2026-07-28,13:57,14:12,DS12,ds,DS12_OFF,DS12_O2.csv,light,run14,0,9,10,910
2026-07-28,13:57,14:12,BLANK2_RUN14,blank,BLANK2_RUN14_PI,BLANK2_RUN14_O2.csv,light,run14,1,10,10,910
2026-07-28,13:57,14:12,SF15,sf,SF15_IN,SF15_O2.csv,light,run14,0,11,10,910
2026-07-28,13:57,14:12,HD21,hd,HD21_IN,HD21_O2.csv,light,run14,0,12,10,910